업체명,별점
제주도렌트카협동조합,3.4점
제주특별자치도렌터카조합,0점
제주특별자치도렌터카조합,0점
무지개렌트카,2.1점
탐라렌트카,2.2점
제주렌트카 본사,4.3점
제주엔젤렌트카,0점
조아렌트카,2.8점
로그인렌트카,1.9점
퍼스트렌트카,2.5점
패밀리렌트카,1.8점
블루렌트카,1.9점
하나렌트카,4.1점
스타렌트카,2.0점
제주현대렌트카,3.1점
아리랑렌트카,2.7점
한국렌트카,2.0점
라인렌트카,2.6점
특별한렌트카,2.5점
블루렌트카 제주도 전기차충전소,0점
오렌지렌트카,2.1점
수렌트카,3.3점
예스렌트카,2.1점
KD렌트카,1.8점
씨유렌트카,1.5점
해피렌트카,3.8점
제주한라렌트카,4.3점
레츠고렌트카,3.1점
땡큐제주렌트카,2.7점
올레렌트카,2.5점
뉴대한렌트카,1.8점
자유렌트카,2.2점
제주사랑렌트카,2.4점
디렌트카,3.7점
돌하루팡렌트카,4.3점
썬렌트카,2.1점
한라산렌트카,3.3점
가자제주렌트카,3.6점
용두암렌트카,3.0점
매일렌트카,4.7점
제주아산렌트카,4.6점
제주드림렌트카,2.0점
굿모닝렌트카,3.5점
더세븐렌트카,1.6점
제주공항렌트카 본사,4.2점
제주명품렌트카,2.3점
에스제이렌트카,4.5점
제주공항렌트카,0점
뉴스마트렌트카,0점
제주평화렌트카,3.0점
발리렌트카,3.6점
에이스렌트카,2.3점
제주패스렌트카,3.9점
오렌지렌트카,1.0점
제주삼성렌트카,1.5점
제주원렌트카 본점,2.7점
장수렌트카,4.2점
제주프리렌트카,3.6점
오라렌트카,2.1점
차세대렌트카 제주오토하우스,3.4점
탐라렌트카,3.4점
통일렌트카,1.5점
금강렌트카,3.3점
제주더렌트카,3.7점
메트로렌트카(주),2.7점
렌트카하우스,0점
제주제일렌트카 제주지점,5.0점
한라산렌트카,1.0점
우도전기렌트카,2.3점
일번렌트카,4.8점
EV전기렌트카,3.0점
제주렌트카닷컴,0점
돌하루팡렌트카,0점
무지개렌트카 주차장,0점
썬렌트카,0점
재경렌트카,0점
조아전기렌트카,0점
새롬렌트카 제주지점,0점
자보렌트카,0점
제주제일렌트카 제주지점,5.0점
제주렌트카몰,0점
제일렌트카 공항점,4.5점
제주베스트렌트카,1.0점
제주렌트카 공항지점,5.0점
제주투렌트카,0점
스마일렌트카,0점
제주렌트카 신라호텔지점,0점
샤인렌트카,0점
제주수지렌트카,0점
좋은렌트카,0점
제주에코렌트카,1.0점
유명렌트카,4.0점
파워렌트카,1.0점
우도봉렌트카,0점
대진렌트카,0점
로그인렌트카 전기차충전소,0점
써니빌렌트카,0점
제주다움렌트카 전기차충전소,0점
제주더렌트카,5.0점
DR렌트카,1.0점
소풍렌트카,0점
제주여행렌트카,0점
퍼스트렌트카 전기차충전소,0점
유명렌트카,3.7점
행운렌트카,0점
제주카카오렌트카,0점
제주왕렌트카,0점
대진렌트카,0점
(주)대한렌트카서비스제주지점,0점
제주바람렌트카,0점
로얄렌트카,1.0점
제주여행렌트카,0점
레드캡렌트카 전기차충전소,0점
주식회사제이공항렌트카,0점
제주야렌트카,1.0점
YES렌트카 전기차충전소,0점
힐렌트카,1.3점
한라산렌트카 전기차충전소,0점
메이저렌트카,0점
플러스제주렌트카,0점
오름렌트카,0점
스타렌트카 반납센터,0점
우리렌트카,0점
자유렌트카 전기차충전소,0점
대진렌트카 디제이투어,0점
용두암렌트카 전기차충전소,0점
제주전기렌트카 전기차충전소,0점
주식회사 제주바다렌트카,0점
제주통합렌트카,0점
제주아이렌트카 주식회사,0점
한라렌트카 전기차충전소,0점
제주공항렌트카 전기차충전소,0점
천지렌트카 제주영업소,0점
유컴스렌트카 본점,0점
제주렌트카 전기차충전소,0점
제주동백렌트카,0점
토탈렌트카,0점
경동렌트카 제주지점,0점
국가대표렌트카,0점
제주타요렌트카 전기차충전소,0점
제주동백렌트카 전기차충전소,0점
제주원렌트카 전기차충전소,0점
롯데렌터카 제주오토하우스지점,3.6점
SK렌터카 제주지점,3.5점
제주오케이렌터카,21개
레드캡렌터카 제주지점,4.5점
제주다움렌터카,2.6점
롯데렌터카 제주국제공항지점,0점
보고타렌터카,2.3점
퍼시픽렌터카 제주지점,1.6점
제주알프스렌터카,2.9점
롯데렌터카 제주중문롯데호텔지점,4.0점
뉴제주렌터카,1.8점
더세이프렌터카,2.4점
신동아렌터카,4.1점
제주타요렌터카,3.2점
갤럭시렌터카,1.8점
제주로렌터카,0점
하이렌터카 제주본점,0점
녹원렌터카,2.4점
한길렌터카,0점
한길렌터카,5.0점
한진렌터카,5.0점
무지개 렌터카 전기차충전소,0점
SK렌터카 에코라운지,5.0점
로보트렌터카,2.1점
인터파크렌터카,0점
식스트렌터카 제주지점,1.0점
DK렌터카,0점
제주유명렌터카 전기차충전소,0점
SK렌터카 제주지점 전기차충전소,0점
제주로렌트카,2.4점
렌트인제주,0점
렌트인제주,0점
우도사람들렌트,4.4점
캠핑카생존기,0점
현대렌트,1.8점
렌트파크,0점
망고카,0점
우도렌트,1.0점
우도렌트,0점
돌하루팡 렌트,0점
제가격렌트카,0점
제주국제공항 렌터카하우스,2.3점
CU 제주공항렌트카하우스점,0점
파리바게뜨 제주공항렌터카하우스점,3.1점
롯데ATM 롯데렌터카 제주,0점
컴포즈커피 제주공항렌트카점,5.0점
제주국제공항 제주렌터카,0점
타시오렌트카,2.0점
제주허브닷컴,0점
비앤티투어,0점
JB우리캐피탈 제주사무소,0점
