ID,name,tags
CNTS_000000000000597,아라고나이트 고온천,"온천,실내,휴식/힐링,부모,비.눈,겨울,실내관광지,호텔,숙소,어트랙션,공용주차장"
CNTS_000000000000614,비체올린,"야영장,캠핑장,액티비티,아이,맑음,체험,레저/체험,어린이,수상레저,언택트,어트랙션,안전여행스탬프,반려동물,반려동물동반입장,혼저옵서개,테마공원,반려동물동반_관광지,공용주차장,화장실,장애인 전용 주차장,아주 어려움,무장애관광"
CNTS_000000000000970,제주추사관,"미술/박물관,흐림,겨울,실내관광지,어트랙션,공용주차장,현금결제,카드결제,화장실,무료 WIFI,음료대,유도 및 안내시설,경보 및 피난시설,엘리베이터,시각장애인 접근성,저상버스 접근 가능,장애인 화장실,승강기,장애인 전용 주차장,수동 휠체어 대여 가능,어려움,실내+실외,하,공연/전시,1~2시간,무장애관광"
CNTS_000000000000976,제주동백마을,"웰니스,만남,즐김,치유,체험,부모,자연경관,마을산책,마을관광,동백,어트랙션,공용주차장,화장실,편의점"
CNTS_000000000001158,메이즈랜드,"부모,아이,테마공원,미술/박물관,경관/포토,전시와 행사,우수관광사업체,실내관광지,포토스팟,어린이,어트랙션,공용주차장,현금결제,카드결제,화장실,무료 WIFI,흡연구역,편의점,음료대,유도 및 안내시설,경보 및 피난시설,임산부 휴게시설,단차없음,장애인 화장실,장애인 전용 주차장,수동 휠체어 대여 가능,전동 휠체어 대여 가능,쉬움,실내+실외,하,공연/전시,2~3시간,무장애관광"
CNTS_000000000001195,카멜리아힐,"경관/포토,커플,아이,맑음,겨울,힐링,자연경관,포토스팟,어린이,어트랙션,동백,수국,공용주차장,현금결제,카드결제,화장실,단독접근가능,단차없음,장애인 화장실,장애인 전용 주차장,수동 휠체어 대여 가능,아주 어려움,실외,중,공연/전시,2~3시간,무장애관광"
CNTS_000000000001196,표선해수욕장,"해수욕장,액티비티,커플,맑음,여름,자연경관,체험,레저/체험,해변,물놀이,수상레저,반려동물,반려동물동반입장,혼저옵서개,반려동물동반해변,화장실,음료대,유도 및 안내시설,경보 및 피난시설,단독접근가능,단차없음,장애인 화장실,쉬움,4.3,문화유적지,문화관광,제주4.3,역사유적,어트랙션,반려동물동반_해변,반려동물동반_자연,무장애관광,반려동물동반_관광지"
CNTS_000000000001511,롯데스카이힐제주CC,"골프,액티비티,체험,레저/체험,어트랙션,공용주차장,현금결제,카드결제,화장실,흡연구역,편의점,음료대,유도 및 안내시설,경보 및 피난시설,단차없음,장애인 전용 주차장,어려움,무장애관광"
CNTS_000000000018248,더럭초등학교,"경관/포토,커플,아이,맑음,봄,화장실,단독접근가능,단차없음,어려움,포토스팟,어린이,봄꽃,벚꽃,무장애관광"
CNTS_000000000018295,종달리수국길,"수국,꽃,걷기/등산,경관/포토,커플,맑음,여름,자연경관,도보여행,포토스팟"
CNTS_000000000018300,약천사,"실내,휴식/힐링,부모,흐림,여름,공용주차장,화장실,문화관광,어트랙션"
CNTS_000000000018311,서귀포치유의숲,"웰니스,자연,숲,치유,숲길,걷기/등산,부모,자연경관,도보여행,럭셔리트래블인제주,공용주차장,화장실,아주 어려움,실외,상,기타,숲길 , 산책로"
CNTS_000000000018332,김만덕기념관,"실내,미술/박물관,친구,비.눈,겨울,문화관광,어트랙션,엘리베이터,임산부 휴게시설,단독접근가능,단차없음,시각장애인 접근성,장애인 화장실,승강기,장애인 전용 주차장,수동 휠체어 대여 가능,쉬움,하,공연/전시,기타,1시간 미만,무장애관광"
CNTS_000000000018340,월평포구,"포구,해변,문화유적지,맑음,자연경관,역사유적,공용주차장"
CNTS_000000000018362,선운정사,"밤,경관/포토,휴식/힐링,부모,흐림,여름,문화관광,포토스팟,단독접근가능,단차없음,아주 어려움,무장애관광"
CNTS_000000000018383,황우지해안,"해변,경관/포토,액티비티,친구,커플,맑음,여름,자연경관,체험,레저/체험,포토스팟,수상레저,어트랙션"
CNTS_000000000018384,방주교회,"부모,커플,친구,아이,맑음,사계절,공용주차장,유도 및 안내시설,경보 및 피난시설,장애인 화장실,장애인 전용 주차장,아주 어려움,실내+실외,포토스팟,종교시설, 건축물,문화관광,어린이,어트랙션,무장애관광"
CNTS_000000000018385,김경숙해바라기농장,"커플,친구,아이,부모,혼자,경관/포토,여름,맑음,자연경관,포토스팟,어린이,어트랙션,해바라기"
CNTS_000000000018406,법환포구,"포구,일출,해변,문화유적지,공용주차장,자연경관,역사유적"
CNTS_000000000018407,낙천리아홉굿의자마을,"휴식/힐링,아이,맑음,가을,문화관광,마을산책,마을관광,어린이,어트랙션,반려동물동반입장,반려동물동반_관광지,무장애관광,단독접근가능,단차없음,쉬움"
CNTS_000000000018409,외돌개,"일출,해변,경관/포토,휴식/힐링,맑음,가을,자연경관,포토스팟,반려동물,반려동물동반입장,혼저옵서개,반려동물동반관광지,공용주차장,화장실,아주 어려움,1시간 미만,반려동물동반_관광지"
CNTS_000000000018411,알작지해변,"해변,경관/포토,커플,가을,자연경관,포토스팟"
CNTS_000000000018413,광치기해변,"일출,해변,경관/포토,흐림,봄,자연경관,포토스팟,봄꽃,유채꽃,반려동물,반려동물동반입장,혼저옵서개,반려동물동반해변,공용주차장,단독접근가능,단차없음,장애인 화장실,장애인 전용 주차장,아주 어려움,반려동물동반_해변,반려동물동반_자연,무장애관광,반려동물동반_관광지"
CNTS_000000000018419,제주대학교,"걷기/등산,맑음,도보여행,봄꽃,벚꽃"
CNTS_000000000018421,한림항,"맑음,공용주차장,아주 어려움"
CNTS_000000000018432,가파도,"섬속의섬,경관/포토,휴식/힐링,친구,커플,맑음,봄,자연경관,포토스팟,언택트"
CNTS_000000000018441,추자도,"경관/포토,가을,자연경관,포토스팟"
CNTS_000000000018442,누웨마루거리,"커플,친구,부모,혼자,아이,사계절,어린이,어트랙션"
CNTS_000000000018445,삼화포구,"포구,해변,문화유적지,자연경관,역사유적"
CNTS_000000000018446,안친오름,"커플,친구,맑음,부모,혼자,아이,오름,자연경관,도보여행,어린이"
CNTS_000000000018447,서귀포칠십리시공원,"휴식/힐링,커플,맑음,봄,공용주차장,화장실,편의점,음료대,매화"
CNTS_000000000018449,와흘본향당,"문화유적지,문화관광,역사유적,어트랙션"
CNTS_000000000018460,명월성지,"문화유적지,문화관광,역사유적,언택트,어트랙션"
CNTS_000000000018468,제주동백수목원,"경관/포토,커플,겨울,제주동백수목원,자연경관,포토스팟,공용주차장"
CNTS_000000000018472,김녕금속공예벽화마을,"예술,경관/포토,문화유적지,커플,흐림,가을,단독접근가능,단차없음,쉬움,문화관광,역사유적,마을산책,마을관광,포토스팟,무장애관광"
CNTS_000000000018483,뒤굽은이오름,"커플,친구,맑음,오름,자연경관,도보여행"
CNTS_000000000018496,노을승마장,"승마,액티비티,체험,레저/체험,어트랙션"
CNTS_000000000018504,마라도등대,"등대,경관/포토,포토스팟"
CNTS_000000000018505,마라도성당,"실내,휴식/힐링,부모,가을,어트랙션"
CNTS_000000000018507,마라도관광쉼터,"부모,화장실,아주 어려움,어트랙션"
CNTS_000000000018510,마라도기원정사,"문화유적지,공용주차장,문화관광,역사유적,어트랙션"
CNTS_000000000018513,돈대산,"커플,친구,맑음,오름,자연경관"
CNTS_000000000018514,봉글레산,"오름,걷기/등산,맑음,자연경관"
CNTS_000000000018516,나바론절벽,"산,경관/포토,가을,자연경관,포토스팟"
CNTS_000000000018521,신대산전망대,"부모,친구,커플,혼자,경관/포토,휴식/힐링,액티비티,아주 어려움,체험,레저/체험,포토스팟,어트랙션"
CNTS_000000000018654,해거름전망대,"경관/포토,맑음,포토스팟,어트랙션,공용주차장"
CNTS_000000000018795,창고천생태공원,"계곡,걷기/등산,흐림,봄,아주 어려움,자연경관,물놀이"
CNTS_000000000018801,하늘여행 행글라이더체험장,"커플,친구,아이,액티비티,공용주차장,체험,레저/체험,어린이,어트랙션"
CNTS_000000000018843,여절악,"커플,혼자,친구,맑음,오름,봄,가을,아주 어려움,자연경관,도보여행"
CNTS_000000000018867,등머을레져,"액티비티,맑음,체험,레저/체험,수상레저,어트랙션"
CNTS_000000000018885,송악카트체험장,"액티비티,아이,맑음,체험,레저/체험,어린이,수상레저,어트랙션,공용주차장,현금결제,카드결제,화장실,흡연구역,아주 어려움"
CNTS_000000000018894,고산일과해안도로,"일몰,해변,드라이브,커플,맑음"
CNTS_000000000018956,우도올레보트,"올레,액티비티,맑음,체험,레저/체험,수상레저,어트랙션"
CNTS_000000000019003,제주국제예술센터,"예술,실내,미술/박물관,흐림,사계절,공용주차장,아주 어려움,실내관광지,어트랙션"
CNTS_000000000019012,형제해안도로,"해변,드라이브,맑음,가을"
CNTS_000000000019073,후포해변,"해변,경관/포토,자연경관,포토스팟"
CNTS_000000000019077,추자등대,"등대,경관/포토,맑음,가을,포토스팟"
CNTS_000000000019084,섬생이,"휴식/힐링,자연경관"
CNTS_000000000019087,모진이몽돌해변,"해변,경관/포토,맑음,여름,자연경관,포토스팟"
CNTS_000000000019089,오름터 민속마을,"오름,문화유적지,아이,흐림,문화관광,역사유적,도보여행,마을산책,마을관광,어린이"
CNTS_000000000019091,묵리처녀당,"문화유적지,문화관광,역사유적,어트랙션"
CNTS_000000000019113,상추자항,"혼자,친구,맑음,추자도"
CNTS_000000000019115,추자도등대,"등대,경관/포토,맑음,포토스팟,어트랙션"
CNTS_000000000019122,세계술박물관,"실내,미술/박물관,친구,비.눈,겨울,실내관광지,문화관광,어트랙션,공용주차장,현금결제,카드결제,화장실,음료대,유도 및 안내시설,경보 및 피난시설,하,공연/전시,1시간 미만"
CNTS_000000000019194,위미항,"해변,여자,남자,맑음,언택트"
CNTS_000000000019228,자구리공원,"부모,커플,혼자,친구,아이,맑음,밤,자연경관,어린이"
CNTS_000000000019309,성읍랜드,"커플,친구,아이,맑음,액티비티,실내관광지,체험,레저/체험,어린이,어트랙션,공용주차장,현금결제,카드결제,화장실,무료 WIFI,음료대,유도 및 안내시설,경보 및 피난시설,어려움"
CNTS_000000000019331,천제연폭포,"폭포,경관/포토,커플,아이,맑음,여름,포토스팟,어린이,봄꽃,벚꽃,공용주차장,현금결제,카드결제,화장실,장애인 화장실,장애인 전용 주차장,어려움,실외,4.3,문화유적지,친구,흐림,문화관광,제주4.3,역사유적,어트랙션,무장애관광"
CNTS_000000000019350,우도 봉수대,"문화유적지,공용주차장,문화관광,역사유적"
CNTS_000000000019444,비블리아성서식물원,"수목원,테마공원,흐림,맑음,실내관광지,어트랙션,공용주차장,현금결제,카드결제,화장실,유도 및 안내시설,경보 및 피난시설"
CNTS_000000000019446,금능석물원,"테마공원,실내관광지,어트랙션,안전여행스탬프,공용주차장,화장실,단독접근가능,단차없음,장애인 화장실,장애인 전용 주차장,수동 휠체어 대여 가능,어려움,1시간 미만,무장애관광"
CNTS_000000000019458,옹포천,"휴식/힐링,맑음,자연경관,공용주차장,화장실"
CNTS_000000000019464,제주카트클럽,"커플,친구,아이,맑음,액티비티,공용주차장,현금결제,카드결제,화장실,아주 어려움,체험,레저/체험,어린이,어트랙션"
CNTS_000000000019470,제주해양레저,"해수욕장,액티비티,맑음,체험,레저/체험,해변,물놀이,수상레저,어트랙션"
CNTS_000000000019530,박수기정,"절벽,경관/포토,해변,자연경관,포토스팟,반려동물,반려동물동반입장,혼저옵서개,반려동물동반해변,아주 어려움,반려동물동반_해변,반려동물동반_자연,반려동물동반_관광지"
CNTS_000000000019535,제주레포츠랜드,"액티비티,아이,맑음,체험,레저/체험,어린이,어트랙션,반려동물,반려동물동반입장,혼저옵서개,반려동물동반관광지,공용주차장,현금결제,카드결제,화장실,단독접근가능,단차없음,어려움,반려동물동반_관광지,무장애관광"
CNTS_000000000019536,가메오름,"오름,걷기/등산,맑음,자연경관,도보여행"
CNTS_000000000019552,대평포구,"포구,해변,문화유적지,가을,문화관광,역사유적"
CNTS_000000000019566,수산저수지,"경관/포토,휴식/힐링,아주 어려움,자연경관,포토스팟"
CNTS_000000000019568,제주국제공항,"공항,제주국제공항,실내관광지,어트랙션,공용주차장,현금결제,카드결제,화장실,무료 WIFI,흡연구역,편의점,음료대,유도 및 안내시설,경보 및 피난시설,임산부 휴게시설,엘리베이터,단독접근가능,단차없음,청각장애인 접근성,시각장애인 접근성,저상버스 접근 가능,장애인 전용 리프트,장애인 화장실,승강기,장애인 전용 주차장,수동 휠체어 대여 가능,전동 휠체어 대여 가능,테이블 비치,쉬움,문화유적지,4.3,무장애관광,문화관광,제주4.3,역사유적"
CNTS_000000000019572,신비의도로카트체험장,"액티비티,아이,맑음,봄,체험,레저/체험,어린이,어트랙션,드라이브"
CNTS_000000000019573,애월환해장성,"문화유적지,가을,아주 어려움,자연경관,문화관광,역사유적"
CNTS_000000000019594,원앙폭포,"폭포,커플,경관/포토,여름,공용주차장,물놀이,트레킹,자연경관,포토스팟"
CNTS_000000000019601,돈내코유원지,"계곡,액티비티,아이,맑음,여름,체험,레저/체험,어린이,수상레저,어트랙션,물놀이,화장실"
CNTS_000000000019613,제주카약,"액티비티,커플,맑음,체험,레저/체험,수상레저,어트랙션"
CNTS_000000000019639,중문승마공원,"커플,친구,아이,액티비티,봄,가을,공용주차장,현금결제,카드결제,화장실,아주 어려움,승마,체험,레저/체험,어린이,어트랙션"
CNTS_000000000019652,김만덕객주,"부모,커플,친구,혼자,흐림,맑음,문화유적지,실내관광지,문화관광,역사유적,어트랙션,반려동물,반려동물동반입장,혼저옵서개,식당,객주,미니민속,반려동물동반식당카페,화장실,실내+실외,하,체험,공연/전시,기타,1~2시간,반려동물동반_식당카페,반려동물동반_관광지"
CNTS_000000000019654,해품은체험농장,"부모,친구,아이,체험관광,맑음,공용주차장,어린이,어트랙션"
CNTS_000000000019692,비양도등대,"등대,경관/포토,맑음,봄,포토스팟"
CNTS_000000000019743,종달리해변,"해변,경관/포토,친구,커플,맑음,여름,자연경관,포토스팟"
CNTS_000000000019747,제주다원 녹차미로공원,"테마공원,아이,흐림,봄,어린이,녹차,어트랙션,반려동물,반려동물동반입장,혼저옵서개,반려동물동반관광지,공용주차장,현금결제,카드결제,화장실,무료 WIFI,반려동물동반_관광지"
CNTS_000000000019750,남원큰엉해변,"해변,경관/포토,맑음,여름,실외,중,기타,전망 관람,1시간 미만,자연경관,포토스팟"
CNTS_000000000019754,약천사 템플스테이,"템플스테이,휴식/힐링,커플,흐림,사계절,공용주차장,현금결제,화장실,실내관광지,체험,어트랙션"
CNTS_000000000019758,조안베어뮤지엄,"실내,테마공원,아이,비.눈,흐림,사계절,실내관광지,어린이,어트랙션,공용주차장,현금결제,카드결제,화장실,유도 및 안내시설,경보 및 피난시설"
CNTS_000000000019761,곽지해수욕장야영장,"야영장,캠핑장,해수욕장,액티비티,아이,맑음,자연경관,체험,레저/체험,해변,물놀이,어린이,수상레저,언택트,어트랙션"
CNTS_000000000019763,귤빛캠핑장,"야영장,캠핑장,액티비티,커플,맑음,여름,체험,레저/체험,언택트,어트랙션,반려동물,반려동물동반입장,혼저옵서개,숙박,반려동물동반숙소,반려동물동반_숙소,반려동물동반_관광지"
CNTS_000000000019866,제주플래티늄카라반,"야영장,캠핑장,액티비티,맑음,공용주차장,현금결제,카드결제,화장실,무료 WIFI,음료대,유도 및 안내시설,경보 및 피난시설,체험,레저/체험,언택트,어트랙션"
CNTS_000000000019888,중문카라반,"야영장,캠핑장,액티비티,맑음,체험,레저/체험,언택트,어트랙션,공용주차장,아주 어려움"
CNTS_000000000019922,조천만세동산,"문화유적지,봄,문화관광,역사유적"
CNTS_000000000019926,올레여행자센터,"커플,혼자,친구,올레,공용주차장,현금결제,카드결제,화장실,무료 WIFI,아주 어려움,도보여행,어트랙션"
CNTS_000000000019946,귀빈사,"실내,문화유적지,흐림,봄,문화관광,역사유적,어트랙션,부모,커플,혼자,친구,아이,오름,아주 어려움,자연경관,도보여행,어린이"
CNTS_000000000019949,용연카누클럽,"커플,친구,맑음,경관/포토,휴식/힐링,체험관광,액티비티,청년,휴식/치유,현금결제,카드결제,화장실,레저/체험,포토스팟,waterleisure,수상레저,어트랙션"
CNTS_000000000019956,케이제주씨워킹,"해수욕장,액티비티,친구,커플,맑음,여름,현금결제,카드결제,화장실,체험,레저/체험,해변,물놀이,어트랙션"
CNTS_000000000019970,백록담,"커플,혼자,친구,경관/포토,맑음,사계절,등산,아주 어려움,자연경관,포토스팟,한라산,언택트"
CNTS_000000000019979,김녕사굴,"동굴,문화유적지,아주 어려움,자연경관,문화관광,역사유적"
CNTS_000000000019986,소천지,"해변,경관/포토,가을,자연경관,포토스팟"
CNTS_000000000019989,어리목계곡,"비.눈,가을,사계절,겨울,자연경관,한라산,언택트,계곡,물놀이"
CNTS_000000000019990,서귀포항,"친구,커플,일출,밤,부모,혼자,아이,맑음,휴식/힐링,일몰,공용주차장,화장실,어려움,어린이"
CNTS_000000000019998,종달리해안도로,"일출,드라이브,커플,맑음,여름"
CNTS_000000000020000,도두해안도로,"드라이브,커플,맑음,여름"
CNTS_000000000020012,탑동해변공연장,"부모,커플,혼자,친구,아이,맑음,여름,해변,어린이,어트랙션"
CNTS_000000000020050,보롬왓,"경관/포토,휴식/힐링,친구,커플,맑음,봄,여름,가을,자연경관,포토스팟,수국,반려동물,반려동물동반입장,혼저옵서개,반려동물동반관광지,공용주차장,무료 WIFI,현금결제,카드결제,반려동물동반_관광지"
CNTS_000000000020100,돈대산산림휴양산책로,"산,걷기/등산,흐림,맑음,자연경관,아주 어려움"
CNTS_000000000020139,제주레일바이크,"친구,경관/포토,체험관광,액티비티,가을,레저/체험,포토스팟,어트랙션,반려동물,반려동물동반입장,반려동물동반_관광지,무장애관광,공용주차장,현금결제,카드결제,화장실,편의점,단독접근가능,단차없음,장애인 전용 주차장,어려움,우수관광사업체,실외,상,1시간 미만"
CNTS_000000000020148,수월봉,"부모,커플,혼자,친구,아이,맑음,가을,경관/포토,일몰,휴식/힐링,자연경관,포토스팟,어린이,언택트,유네스코,공용주차장,화장실,실외,상,등산,기타,올레코스 . 해설 : 평일 09:00~16:30,1시간 미만"
CNTS_000000000020155,맬튼개 갯담,"커플,아이,부모,친구,휴식/힐링,해변,어린이"
CNTS_000000000020170,서귀포층패류화석산지,"지질공원,해변,경관/포토,맑음,자연경관,포토스팟,어트랙션,유네스코,아주 어려움"
CNTS_000000000020182,관음사,"템플스테이,산,휴식/힐링,흐림,봄,공용주차장,화장실,아주 어려움,한라산,언택트,어트랙션,단풍"
CNTS_000000000020195,순례자의교회,"휴식/힐링,가을,어트랙션"
CNTS_000000000020199,이중섭거리,"예술,걷기/등산,커플,맑음,가을"
CNTS_000000000020224,왕이메오름,"오름,휴식/치유,액티비티,휴식/힐링,경관/포토,혼자,친구,맑음,흐림,공용주차장,자연경관,체험,도보여행,레저/체험,포토스팟,어트랙션"
CNTS_000000000020230,아침미소목장,"체험관광,아이,맑음,봄,어린이,어트랙션,반려동물,반려동물동반입장,혼저옵서개,사진명소,테마공원,포토존,반려동물동반_관광지"
CNTS_000000000020236,산지천,"계곡,걷기/등산,아이,자연경관,어린이,물놀이"
CNTS_000000000020260,서귀다원,"커플,친구,맑음,경관/포토,휴식/힐링,봄,여름,자연경관,포토스팟,녹차,어트랙션,공용주차장,현금결제,카드결제,화장실,음료대"
CNTS_000000000020277,공천포,"해변,문화유적지,친구,여름,자연경관,역사유적"
CNTS_000000000020343,모슬포항,"커플,친구,맑음,해변,공용주차장"
CNTS_000000000020371,예래포구,"포구,해변,문화유적지,여름,공용주차장,어려움,자연경관,역사유적"
CNTS_000000000020560,서광동리 곶자왈 생태탐방로,"숲길,걷기/등산,흐림,여름,도보여행,곶자왈"
CNTS_000000000020565,우도등대,"등대,경관/포토,친구,맑음,봄,포토스팟"
CNTS_000000000020606,아라리오뮤지엄동문모텔2,"실내,미술/박물관,비.눈,사계절,현금결제,카드결제,화장실,무료 WIFI,유도 및 안내시설,경보 및 피난시설,엘리베이터,승강기,아주 어려움,실내관광지,문화관광,어트랙션,무장애관광"
CNTS_000000000020607,아라리오뮤지엄동문모텔1,"실내,미술/박물관,비.눈,겨울,현금결제,카드결제,화장실,무료 WIFI,음료대,유도 및 안내시설,경보 및 피난시설,엘리베이터,승강기,아주 어려움,실내관광지,문화관광,어트랙션,무장애관광"
CNTS_000000000020631,제주도립김창열미술관,"미술/박물관,저지예술인마을,저지리,실내관광지,문화관광,미술관,어트랙션,공용주차장,현금결제,카드결제,화장실,무료 WIFI,유도 및 안내시설,경보 및 피난시설,중,공연/전시,1시간 미만"
CNTS_000000000020639,꽃썸,"해변,카페,포토스팟,휴식,부모,친구,커플,혼자,안개/흐림,맑음,봄,여름,가을,겨울,중/장년,청년,노년,어트랙션"
CNTS_000000000020686,낭만농장 귤밭76번지,"체험관광,아이,맑음,겨울,공용주차장,현금결제,화장실,음료대,유도 및 안내시설,경보 및 피난시설,어린이,어트랙션"
CNTS_000000000020780,구엄리돌염전,"일몰,해변,문화유적지,맑음,가을,공용주차장,자연경관,역사유적,어트랙션"
CNTS_000000000020880,제주워터월드,"부모,친구,아이,맑음,액티비티,공용주차장,현금결제,카드결제,화장실,무료 WIFI,편의점,음료대,유도 및 안내시설,경보 및 피난시설,아주 어려움,실내관광지,체험,레저/체험,어린이,수상레저,어트랙션"
CNTS_000000000020929,신도포구,"포구,해변,문화유적지,자연경관,역사유적,아주 어려움"
CNTS_000000000020931,하모해수욕장,"커플,친구,아이,맑음,해변,공용주차장,화장실,자연경관,어린이"
CNTS_000000000020935,동일리포구,"포구,해변,문화유적지,자연경관,역사유적"
CNTS_000000000020936,표선 당케포구,"포구,해변,문화유적지,아주 어려움,자연경관,역사유적"
CNTS_000000000020959,저지오름,"일몰,오름,걷기/등산,공용주차장,화장실,유도 및 안내시설,아주 어려움,자연경관,도보여행"
CNTS_000000000020961,금능포구,"포구,해변,문화유적지,아이,아주 어려움,자연경관,역사유적,어린이"
CNTS_000000000020966,굴동포구,"포구,해변,문화유적지,아주 어려움,자연경관,역사유적"
CNTS_000000000020971,산양곶자왈,"숲길,걷기/등산,흐림,가을,자연경관,도보여행,곶자왈,아주 어려움,실외"
CNTS_000000000020980,송당승마장,"승마,액티비티,커플,친구,공용주차장,화장실,편의점,아주 어려움,체험,레저/체험,어트랙션"
CNTS_000000000020985,쇠와꽃 승마장,"커플,친구,아이,맑음,액티비티,승마,공용주차장,화장실,아주 어려움,체험,레저/체험,어린이,어트랙션"
CNTS_000000000020987,오조포구,"포구,일출,해변,문화유적지,아주 어려움,자연경관,역사유적,k-drama"
CNTS_000000000021006,대포포구,"포구,해변,문화유적지,아주 어려움,자연경관,역사유적"
CNTS_000000000021008,눈물의십자가,"문화유적지,맑음,아주 어려움,문화관광,역사유적"
CNTS_000000000021056,정주항,"항구,맑음,아주 어려움"
CNTS_000000000021060,월령포구,"커플,친구,일몰,올레,문화유적지,포구,공용주차장,아주 어려움,자연경관,역사유적"
CNTS_000000000021062,제주조천스위스마을,"포토스팟,카페,실내,여자,남자,커플,휴식,비/바람/눈,안개/흐림,맑음,여름,현금결제,카드결제,화장실,무료 WIFI,흡연구역,편의점,단독접근가능,단차없음,쉬움,마을산책,마을관광,어트랙션,무장애관광"
CNTS_000000000021074,세화항,"맑음,자연경관,아주 어려움"
CNTS_000000000021097,형제해안로전망대,"부모,커플,혼자,친구,아이,맑음,경관/포토,휴식/힐링,올레,해변,드라이브,공용주차장,아주 어려움,포토스팟,어린이,어트랙션"
CNTS_000000000021101,연대포구,"포구,부모,아이,친구,문화유적지,해변,아주 어려움,역사유적,어린이"
CNTS_000000000021103,청수곶자왈,"커플,친구,맑음,여름,밤,숲길,걷기,도보여행,곶자왈,공용주차장,화장실,아주 어려움"
CNTS_000000000021111,제주곶자왈도립공원,"숲길,걷기/등산,커플,흐림,자연경관,도보여행,곶자왈,어트랙션,공용주차장,유도 및 안내시설,아주 어려움,실외,하,기타,산책로,1시간 미만"
CNTS_000000000021167,현사포구,"커플,친구,일몰,밤,올레,자전거,낚시,자연경관"
CNTS_000000000021184,북촌환해장성,"부모,혼자,아이,흐림,문화유적지,청년,중/장년,문화관광,역사유적,어린이"
CNTS_000000000021194,별도연대,"문화유적지,맑음,아주 어려움,문화관광,역사유적,어트랙션"
CNTS_000000000021207,북촌포구,"포구,해변,문화유적지,맑음,겨울,자연경관,문화관광,역사유적"
CNTS_000000000021240,1100고지습지,"산,경관/포토,흐림,가을,자연경관,포토스팟,한라산,언택트"
CNTS_000000000021251,고내봉,"오름,걷기/등산,맑음,봄,화장실,자연경관,도보여행"
CNTS_000000000021254,누운오름,"오름,걷기/등산,친구,자연경관,도보여행"
CNTS_000000000021259,문석이오름,"부모,커플,혼자,친구,아이,맑음,오름,자연경관,도보여행"
CNTS_000000000021261,협재포구,"친구,커플,맑음,해변,포구,자연경관"
CNTS_000000000021402,한동환해장성,"경관/포토,문화유적지,쉬움,자연경관,역사유적,포토스팟"
CNTS_000000000021407,옹포리포구,"포구,일몰,해변,걷기,커플,자연경관"
CNTS_000000000021408,용담포구,"커플,혼자,친구,문화유적지,해변,포구,자연경관,역사유적"
CNTS_000000000021411,보목포구,"맑음,해변,친구,부모,커플,혼자,아이,아주 어려움,자연경관,어린이"
CNTS_000000000021452,하논마르,"오름,걷기/등산,흐림"
CNTS_000000000021475,평대해변,"해변,경관/포토,친구,커플,여름,공용주차장,화장실,아주 어려움,자연경관,포토스팟"
CNTS_000000000021511,온평리 환해장성,"문화유적지,사계절,올레,해변,커플,친구,자연경관,문화관광,역사유적"
CNTS_000000000021512,평대리불턱,"문화유적지,역사유적,어트랙션"
CNTS_000000000021514,용수항,"문화유적지,일몰,해변,혼자,친구,커플,올레,역사유적"
CNTS_000000000021515,큰노꼬메오름,"일몰,오름,걷기/등산,봄,자연경관,도보여행,반려동물,반려동물동반입장,혼저옵서개,반려동물동반오름,공용주차장,화장실,아주 어려움,반려동물동반_오름,반려동물동반_자연,반려동물동반_관광지"
CNTS_000000000021516,삼의악트레킹코스,"걷기/등산,공용주차장,아주 어려움,어트랙션"
CNTS_000000000021517,금성포구,"포구,해변,문화유적지,자연경관,역사유적"
CNTS_000000000021520,족은노꼬메오름,"오름,걷기/등산,커플,봄,자연경관,도보여행,반려동물,반려동물동반입장,혼저옵서개,반려동물동반오름,반려동물동반_오름,반려동물동반_자연,반려동물동반_관광지"
CNTS_000000000021530,사계항,"문화유적지,맑음,역사유적,공용주차장"
CNTS_000000000021534,민오름,"커플,친구,혼자,맑음,오름,화장실,자연경관,도보여행"
CNTS_000000000021575,알오름,"오름,걷기/등산,커플,친구,맑음,자연경관,도보여행"
CNTS_000000000021612,볼레낭길,"걷기/등산,자연경관,도보여행"
CNTS_000000000021642,가파초등학교 마라분교장,"경관/포토,맑음,사계절,포토스팟,어트랙션"
CNTS_000000000021772,1100고지휴게소,"산,경관/포토,흐림,겨울,포토스팟,한라산,언택트,어트랙션,제주명품42,제주7대도로"
CNTS_000000000021844,엉덩물계곡,"부모,커플,혼자,친구,아이,맑음,봄,올레,계곡,자연경관,어린이,어트랙션,봄꽃,유채꽃,물놀이"
CNTS_000000000021985,제주오름승마랜드,"승마,액티비티,커플,맑음,오름,체험,도보여행,레저/체험,어트랙션"
CNTS_000000000022002,낙천아홉굿마을,"체험관광,아이,사계절,마을산책,마을관광,어린이,어트랙션,화장실"
CNTS_000000000022008,올레바당체험마을,"체험관광,아이,흐림,사계절,마을산책,마을관광,어린이,어트랙션"
CNTS_000000000022031,서귀본향당,"문화유적지,문화관광,역사유적,어트랙션"
CNTS_000000000022037,조이다이브,"해수욕장,액티비티,친구,커플,맑음,체험,레저/체험,해변,물놀이,수상레저,어트랙션,공용주차장,현금결제,카드결제,화장실,무료 WIFI,흡연구역,음료대"
CNTS_000000000022040,제라진 어드벤쳐,"커플,친구,체험관광,드라이브,액티비티,오름,레저/체험,어트랙션"
CNTS_000000000022059,망고스쿠터,"액티비티,친구,커플,맑음,체험,레저/체험,어트랙션,공용주차장"
CNTS_000000000022066,금룡사,"템플스테이,실내,휴식/힐링,커플,흐림,사계절,문화관광,체험,어트랙션"
CNTS_000000000022069,법화사,"문화유적지,문화관광,역사유적"
CNTS_000000000022073,제주제트,"해수욕장,액티비티,맑음,체험,레저/체험,해변,물놀이,어트랙션,안전여행스탬프"
CNTS_000000000022118,중문미로파크,"테마공원,아이,가을,체험,어린이,어트랙션,공용주차장,화장실"
CNTS_000000000022171,낙타트래킹,"액티비티,친구,커플,체험,레저/체험,어트랙션"
CNTS_000000000022243,제주 카약올레,"해수욕장,액티비티,친구,커플,맑음,체험,레저/체험,해변,물놀이,수상레저,어트랙션"
CNTS_000000000022257,월정투명카약,"액티비티,커플,맑음,체험,레저/체험,수상레저,어트랙션"
CNTS_000000000022282,디스커버제주,"액티비티,가족여행,친구,커플,체험여행,레저/체험,어트랙션,현금결제,카드결제,화장실"
CNTS_000000000022377,성산포항,"해변,맑음,공용주차장,자연경관,어트랙션"
CNTS_000000000022380,제주 이호털보 배낚시,"낚시,액티비티,친구,커플,공용주차장,현금결제,카드결제,화장실,체험,레저/체험,수상레저,어트랙션"
CNTS_000000000022459,산방산,"산,걷기/등산,경관/포토,친구,커플,맑음,여름,자연경관,포토스팟,어트랙션,수국"
CNTS_000000000022542,판포포구,"포구,해변,문화유적지,친구,아이,여름,자연경관,역사유적,어린이"
CNTS_000000000022681,생이기정,"일몰,해변,걷기/등산,맑음,가을,자연경관"
CNTS_000000000022691,오라동메밀밭,"경관/포토,친구,커플,맑음,봄,가을,현금결제,계좌이체,자연경관,포토스팟,어트랙션"
CNTS_000000000022716,별내린전망대,"부모,커플,혼자,친구,아이,맑음,경관/포토,봄,포토스팟,어린이,어트랙션"
CNTS_000000000022721,캐릭파크,"실내,테마공원,아이,비.눈,흐림,사계절,공용주차장,화장실,실내관광지,어린이,어트랙션"
CNTS_000000000022726,플레이박스VR,"실내,테마공원,아이,비.눈,흐림,사계절,실내관광지,어린이,어트랙션"
CNTS_000000000022736,제주오렌지,"체험관광,아이,실내관광지,어린이,어트랙션"
CNTS_000000000022737,휴림,"부모,친구,아이,커플,액티비티,야영장,캠핑장,공용주차장,체험,레저/체험,어린이,언택트,어트랙션"
CNTS_000000000022752,이승이오름,"오름,자연경관,도보여행"
CNTS_000000000022756,브릭캠퍼스,"실내,테마공원,아이,비.눈,겨울,실내관광지,어린이,캠핑,캠핑장,언택트,어트랙션"
CNTS_000000000022771,신화테마파크,"테마공원,맑음,아이,실내관광지,어린이,어트랙션,안전여행스탬프,제주신화월드,카드결제,화장실,공용주차장,흡연구역,편의점,음료대,유도 및 안내시설,경보 및 피난시설,현금결제,Room charge, Shinhwa reward point, Landing casino point, Samsung pay, Union pay, Alipay, Wechat pay,영어,중국어,단차없음,단독접근가능,장애인 화장실,수동 휠체어 대여 가능,장애인 전용 주차장,테이블 비치,쉬움,실내+실외,기타,2~3시간,무장애관광"
CNTS_000000000022805,제주해양동물박물관,"실내,미술/박물관,아이,비.눈,사계절,실내관광지,문화관광,어린이,어트랙션,어린이동물농장,공용주차장,현금결제,카드결제,화장실,무료 WIFI,편의점,음료대,유도 및 안내시설,경보 및 피난시설,엘리베이터,단독접근가능,단차없음,청각장애인 접근성,시각장애인 접근성,저상버스 접근 가능,장애인 화장실,승강기,장애인 전용 주차장,테이블 비치,쉬움,안전여행스탬프,무장애관광"
CNTS_000000000022836,포도호텔,"예술,실내,미술/박물관,비.눈,겨울,공용주차장,현금결제,카드결제,화장실,무료 WIFI,흡연구역,편의점,수동 휠체어 대여 가능,어려움,실내관광지,문화관광,호텔,어트랙션,무장애관광"
CNTS_000000000022842,다랑쉬굴,"4.3,문화유적지,문화관광,제주4.3,역사유적,어트랙션"
CNTS_000000000022847,송령이골,"4.3,문화유적지,문화관광,제주4.3,역사유적,어트랙션"
CNTS_000000000022848,도령모루,"4.3,문화유적지,문화관광,제주4.3,역사유적,어트랙션"
CNTS_000000000022851,4·3해원방사탑,"4.3,문화유적지,문화관광,제주4.3,역사유적,어트랙션"
CNTS_000000000022869,큰넓궤,"4.3,문화유적지,자연경관,문화관광,제주4.3,역사유적,어트랙션"
CNTS_000000000022878,중문성당,"4.3,문화유적지,문화관광,제주4.3,역사유적,어트랙션"
CNTS_000000000022900,제주다이브,"커플,혼자,친구,액티비티,다이빙체험,스쿠버교육,공용주차장,현금결제,카드결제,화장실,무료 WIFI,편의점,음료대,유도 및 안내시설,단독접근가능,아주 어려움,레저/체험,수상레저,어트랙션,무장애관광"
CNTS_000000000022935,백년초농장박물관,"테마공원,백년초,공용주차장,현금결제,카드결제,화장실,무료 WIFI,쉬움,실내관광지,체험,문화관광,박물관,어트랙션"
CNTS_000000000022941,문서프,"서핑, 곽지, 곽지해수욕장, 애월,공용주차장,현금결제,카드결제,화장실,무료 WIFI,흡연구역,편의점,어려움,해변,물놀이,어트랙션"
CNTS_200000000007189,강정어촌계,"경관/포토,체험관광,해변, 바릇잡이,실외,하,포토스팟,어트랙션"
CNTS_200000000007191,어촌체험안내센터,"경관/포토,체험관광,액티비티,바릇잡이,낚시,카드결제,현금결제,물놀이,기타, 해녀체험, 낚시체험,레저/체험,포토스팟,어트랙션"
CNTS_200000000007218,중엄리새물,"경관/포토,올레,공용주차장,실외,자연경관,포토스팟"
CNTS_200000000007223,태웃개,"아이,여름,실외,자연경관,어린이"
CNTS_200000000007278,농개,"맑음,휴식/힐링,여름,해변,올레,물놀이,용천수,낚시,실외,기타, 물놀이,자연경관"
CNTS_200000000007279,막숙,"맑음,휴식/힐링,여름,용천수,물놀이,공용주차장,자연경관"
CNTS_200000000007280,오래물,"맑음,여름,수영장,물놀이,목욕탕,용천수,실외,1~2시간,자연경관"
CNTS_200000000007281,정모시쉼터,"친구,맑음,휴식/힐링,여름,물놀이,용천수,실외,자연경관,어트랙션"
CNTS_200000000007283,신엄포구,"커플,일몰,사계절,포구,자연경관"
CNTS_200000000007284,삼양방파제,"맑음,휴식/힐링,여름,해변,낚시,자연경관,어트랙션"
CNTS_200000000007287,흑돼지거리,"사계절, 흑돼지,어트랙션"
CNTS_200000000007288,동귀방파제,"여름,일몰,해변,낚시,자연경관,어트랙션"
CNTS_200000000007343,예술공간 이아," 예술,갤러리,서점,카페,쉬움,어트랙션"
CNTS_200000000007344,이호테우해수욕장,"경관/포토,휴식/힐링,여름,일몰,해변,해수욕장,자연경관,물놀이,포토스팟,공용주차장,화장실,실외,해양스포츠,야외수영장, 스노클링"
CNTS_200000000007345,망장포,"커플,혼자,친구,포구,낚시,실외,하,포토스팟,체험,씨워킹, 스킨스쿠버, 바릇잡이,1시간 미만,자연경관"
CNTS_200000000007346,설쿰바당,"맑음,경관/포토,걷기/등산,여름,해안산책,실외,포토스팟,자연경관"
CNTS_200000000007372,한림바다체험마을,"부모,아이,체험관광,액티비티,여름,청년,중/장년,공용주차장,화장실,무료 WIFI,실외,하,1~2시간,마을산책,마을관광,레저/체험,어린이,어트랙션"
CNTS_200000000007377,효명사,"경관/포토,휴식/힐링,절,사찰,포토스팟,어트랙션"
CNTS_200000000007409,신화워터파크,"아이,사계절,액티비티,실내관광지,체험,레저/체험,어린이,수상레저,테마공원,어트랙션,안전여행스탬프,공용주차장,무료 WIFI,화장실,현금결제,카드결제,유도 및 안내시설,경보 및 피난시설,Room charge, Shinhwa reward point, Landing casino point, Samsung pay, Union pay, Alipay, Wechat pay,장애인 화장실,승강기,어려움,제주신화월드,무장애관광"
CNTS_200000000007410,락볼링장 아이존액트,"볼링,맥주,사계절,무료 WIFI,공용주차장,실내,실내관광지,체험,어트랙션"
CNTS_200000000007493,이로이로공방,"친구,혼자,휴식/힐링,체험관광,원데이클래스,프랑스자수,캘리그라피,현금결제,카드결제,화장실,실내,프랑스자수 원데이클래스,2~3시간,어트랙션"
CNTS_200000000007496,화조원,"아이,동물,체험,실내관광지,어린이,어트랙션,어린이동물농장,공용주차장,우수관광사업체"
CNTS_200000000007534,고살리숲길,"친구,혼자,맑음,걷기/등산,트레킹,계곡,자연경관,체험,도보여행,숲,숲길,언택트,물놀이,공용주차장,실외,하,숲길 탐방,1시간 미만"
CNTS_200000000007535,하례1리새마을문고,"친구,커플,체험관광,감귤,감귤상웨빵,제주 전통 빵,공용주차장,화장실,실내,하,감귤상웨빵 만들기,1시간 미만,실내관광지,어트랙션"
CNTS_200000000007634,법정사,"역사, 유적지,체험,역사유적,어트랙션"
CNTS_200000000007659,푸른콩방주 영농조합법인,"체험관광,휴식/치유,6차산업,어트랙션"
CNTS_200000000007661,태반의땅제주,"친구,아이,사계절,체험관광,6차산업,어린이,어트랙션"
CNTS_200000000007676,신창풍차해안도로,"커플,경관/포토,해안도로,커플스냅,포토스팟,드라이브,반려동물,반려동물동반입장,혼저옵서개,반려동물동반산책로,실외,하,1시간 미만,반려동물동반_산책로,반려동물동반_자연,반려동물동반_관광지"
CNTS_200000000007852,제주인디,"자연염색, 천연염색, 체험관광,어트랙션"
CNTS_200000000007858,월라봉,"오름,등산,휴식,자연경관,언택트"
CNTS_200000000007860,월라사,"문화유적지,휴식/힐링,가을,역사유적"
CNTS_200000000007916,핸즈웍스,"가죽공방,핸드메이드,체험관광,무료 WIFI,어트랙션"
CNTS_200000000007918,손방둥이 ,"가죽공방,핸드메이드,체험관광,무료 WIFI,공용주차장,어트랙션"
CNTS_200000000007919,행원육상양식단지,"휴식/힐링,산책, 해변"
CNTS_200000000007940,고사리숲,"체험관광,아이,화장품,자연경관,숲,어린이"
CNTS_200000000007941,제주다,"체험관광,아이,차,어린이,어트랙션"
CNTS_200000000007942,비자림농원,"체험관광,아이,감귤,키위,어린이,어트랙션"
CNTS_200000000008003,동백포레스트,"커플,친구,맑음,경관/포토,겨울,자연경관,동백,포토스팟"
CNTS_200000000008013,샤이니숲길,"걷기/등산,경관/포토,휴식/힐링,자연경관,도보여행,숲,포토스팟,숲길"
CNTS_200000000008015,금붕사,"문화유적지, 사찰, 휴식, 절,공용주차장,화장실,실내관광지,체험,역사유적,어트랙션"
CNTS_200000000008020,어영공원,"겯기/등산,경관/포토,휴식/힐링,테마공원,아이,공용주차장,화장실,자연경관,포토스팟,어린이"
CNTS_200000000008025,산지천갤러리,"경관/포토,미술/박물관,체험관광,실내,사계절,실내관광지,포토스팟,어트랙션"
CNTS_200000000008028,진빌레 밭담길,"부모,커플,아이,맑음,걷기,화장실,자연경관,체험,도보여행,어린이"
CNTS_200000000008032,거인의 정원,"예술, 갤러리, 실내, 카페,실내관광지,문화관광,어트랙션"
CNTS_200000000008034,소라의성,"건축물,북카페,전시,실내관광지,문화관광,어트랙션,화장실"
CNTS_200000000008043,신산공원,"아이,걷기/등산,휴식/힐링,테마공원,화장실,자연경관,어린이,봄꽃,벚꽃"
CNTS_200000000008053,성이시돌목장,"목장,경관/포토,커플,우유,자연경관,포토스팟,반려동물,반려동물동반입장,혼저옵서개,웨딩촬영명소,반려동물동반_관광지,공용주차장"
CNTS_200000000008153,포토갤러리 자연사랑미술관,"사진,전시관,갤러리,문화관광,미술관,실내관광지,어트랙션"
CNTS_200000000008155,보통청춘기록실 청춘사진관,"커플,친구,아이,부모,사진관,스튜디오,어린이"
CNTS_200000000008156,대정현역사자료전시관,"친구,아이,문화공간,전시관,실내관광지,문화관광,어린이,어트랙션"
CNTS_200000000008161,청초밭영농조합법인,"청초밭, 녹차밭, 삼나무길, 동백나무,공용주차장,현금결제,카드결제,화장실,무료 WIFI,계좌이체,실외,하,관,1~2시간,체험,도보여행,어트랙션"
CNTS_200000000008211,굿다이버,"스쿠버다이빙, 해양레저, 체험, 액티비티,공용주차장,현금결제,카드결제,화장실,무료 WIFI,유도 및 안내시설,영어,010-4051-6867,쉬움,실내+실외,하,해양스포츠,PADI OWD ~ PADI IDC 까지 진행 가능 ,2~3시간,레저/체험,수상레저,어트랙션"
CNTS_200000000008312,캔디원,"체험,아이,수제캔디,실내관광지,어린이,어트랙션"
CNTS_200000000008597,팀케이,"체험관광, 해변,액티비티,공용주차장,현금결제,카드결제,화장실,영어,실외,하,전동킥보드대여,2~3시간,레저/체험,어트랙션"
CNTS_200000000008635,대유ATV수렵사격랜드,"권총,클레이,라이플 사격,ATV,실내관광지,체험,어트랙션,공용주차장,화장실,무료 WIFI,흡연구역,음료대,경보 및 피난시설,현금결제,카드결제,일본어,어려움,수렵"
CNTS_200000000008693,제주참숯가마찜질방,"찜질방, 참숯불가마,공용주차장,현금결제,카드결제,화장실,무료 WIFI,흡연구역,음료대,유도 및 안내시설,경보 및 피난시설,장애인 화장실,승강기,장애인 전용 주차장,어려움,실내+실외,하,체험,3시간 이상,무장애관광"
CNTS_200000000008832,스위트몽키,"부모,아이,체험관광,공용주차장,카드결제,현금결제,어려움,실내+실외,하,1~2시간,실내관광지,어린이,어트랙션"
CNTS_200000000008851,아일랜드에프 해상호텔,"선상낚시,낚시체험,선상리조트,공용주차장,현금결제,카드결제,화장실,무료 WIFI,흡연구역,음료대,유도 및 안내시설,경보 및 피난시설,계좌이체,영어,아주 어려움,실내+실외,하,해양스포츠,숙박,식음,3시간 이상,어트랙션"
CNTS_200000000008895,차귀도유람선,"차귀도,유람선,둘레길,차귀도유람선,섬여행,자연경관,체험,도보여행,어트랙션,반려동물,반려동물동반입장,혼저옵서개,반려동물동반관광지,공용주차장,화장실,무료 WIFI,흡연구역,편의점,유도 및 안내시설,카드결제,현금결제,카카오페이, 네이버페이,쉬움,실내+실외,하,등산,해양스포츠,차귀도 둘레길 탐방, 차귀도 경치 유람,1~2시간,반려동물동반_관광지"
CNTS_200000000008916,올레캠프 본점 알파캠프,"커플,혼자,친구,휴식/힐링,체험관광,액티비티,청년,휴식/치유,공용주차장,현금결제,카드결제,화장실,무료 WIFI,흡연구역,편의점,음료대,유도 및 안내시설,경보 및 피난시설,영어,단독접근가능,단차없음,시각장애인 접근성,저상버스 접근 가능,장애인 화장실,승강기,장애인 전용 주차장,쉬움,실내+실외,중,3시간 이상,자연경관,레저/체험,캠핑,캠핑장,언택트,어트랙션,무장애관광"
CNTS_200000000008959,서프라이즈테마파크,"부모,아이,테마공원,경관/포토,미술/박물관,전시와 행사,우수관광사업체,체험,포토스팟,어린이,어트랙션,안전여행스탬프,공용주차장,현금결제,카드결제,화장실,무료 WIFI,흡연구역,유도 및 안내시설,경보 및 피난시설,단독접근가능,단차없음,청각장애인 접근성,시각장애인 접근성,저상버스 접근 가능,장애인 화장실,장애인 전용 주차장,쉬움,실내+실외,하,1~2시간,무장애관광"
CNTS_200000000009032,사진놀이터,"커플,혼자,친구,경관/포토,휴식/힐링,체험관광,실내,사계절,실내관광지,포토스팟,어트랙션,공용주차장,현금결제,카드결제,화장실,무료 WIFI,음료대,유도 및 안내시설,경보 및 피난시설,장애인 전용 주차장,어려움,실내+실외,하,공연/전시,1~2시간,무장애관광"
CNTS_200000000009412,까끄래기오름,"커플,혼자,친구,맑음,경관/포토,휴식/힐링,테마공원,액티비티,가을,오름,사계절,청년,중/장년,휴식/치유,자연경관,체험,도보여행,레저/체험,포토스팟,어트랙션"
CNTS_200000000009471,WE호텔,"의료관광, 병원, 웰니스, 헬스케어"
CNTS_200000000009472,제주대학교병원,"의료관광, 병원, 웰니스, 헬스케어"
CNTS_200000000009473,중앙병원,"의료관광, 병원, 웰니스, 헬스케어"
CNTS_200000000009474,한국병원,#의료관광 #병원 #웰니스  #헬스케어
CNTS_200000000009480,서귀포의료원,"의료관광, 병원, 웰니스, 헬스케어"
CNTS_200000000009481,조선한의원,"의료관광, 병원, 웰니스, 헬스케어"
CNTS_200000000009483,제주한라병원,"의료관광, 병원, 웰니스, 헬스케어"
CNTS_200000000009486,제주우리병원,"의료관광, 병원, 웰니스, 헬스케어"
CNTS_200000000009487,제원한의원,"의료관광, 병원, 웰니스, 헬스케어"
CNTS_200000000009501,궁대오름,"부모,커플,친구,경관/포토,휴식/힐링,테마공원,오름,사계절,청년,중/장년,휴식/치유,자연경관,도보여행,포토스팟"
CNTS_200000000009551,한라의향기,"체험, 감귤, 감귤따기,현금결제,1시간 미만,자연경관,어트랙션"
CNTS_200000000009773,제주아트센터,"공연장, 제주시, 대극장, 공연, 뮤지컬, 연극,공용주차장,현금결제,카드결제,화장실,흡연구역,유도 및 안내시설,경보 및 피난시설,엘리베이터,쉬움,공연/전시,실내관광지,문화관광,어트랙션"
CNTS_200000000009866,목장카페 드르쿰다,"테마공원,자연경관,실내관광지,체험,어린이,어트랙션,실내+실외"
CNTS_200000000009870,멍멍플레이스,"반려견,카페,음식,어트랙션,반려동물,반려동물동반입장,혼저옵서개,숙박,펜션,반려동물동반숙소,반려동물동반_숙소,반려동물동반_관광지"
CNTS_200000000009871,브레이브독스,"반려견,카페,음식,어트랙션"
CNTS_200000000009893,일출랜드 아트센터,"휴식/힐링,테마공원,휴식/치유,공용주차장,현금결제,카드결제,화장실,무료 WIFI,편의점,음료대,유도 및 안내시설,경보 및 피난시설,실내+실외,자연경관,체험,어트랙션"
CNTS_200000000009895,서귀포농업기술센터,"테마공원,전시와 행사,자연경관,어트랙션"
CNTS_200000000010033,송악힐링풋스킨,"휴식/힐링,공용주차장,현금결제,카드결제,화장실,무료 WIFI,계좌이체,영어,중국어,어려움,실내,하,1시간 미만,어트랙션"
CNTS_200000000010135,애월스쿠버다이빙스쿨,"애월, 스쿠버다이빙, 다이빙, 마린스포츠,현금결제,카드결제,화장실,무료 WIFI,음료대,쉬움,실내+실외,하,해양스포츠,체험,2~3시간,레저/체험,수상레저,어트랙션"
CNTS_200000000010193,김서프제주,"서핑, 중문, 해양스포츠,공용주차장,현금결제,카드결제,화장실,무료 WIFI,흡연구역,편의점,네이버예약, 네이버 스마트스토어,영어,어려움,실외,2~3시간,체험,수상레저,레저/체험,어트랙션"
CNTS_200000000010214,액티브파크,"체험관광,사계절,아이,공용주차장,카드결제,현금결제,영어,단독접근가능,단차없음,장애인 화장실,장애인 전용 주차장,쉬움,실내+실외,1~2시간,실내관광지,어린이,테마공원,어트랙션,무장애관광"
CNTS_200000000010313,제주해양레저파크,"예래, 서귀포, 수상레저, 해상레저,공용주차장,현금결제,카드결제,화장실,흡연구역,경보 및 피난시설,쉬움,실외,하,해양스포츠,체험,유아시설,물놀이,해양레저,1시간 미만,자연경관,레저/체험,어린이,테마공원,어트랙션"
CNTS_200000000010333,파파빌레,"웰니스,자연,숲,치유,현무암,부모,자연경관,체험,어트랙션,안전여행스탬프"
CNTS_200000000010334,관음사지구야영장,"캠핑, 관음사, 한라산,자연경관,체험,캠핑장,언택트,어트랙션"
CNTS_200000000010335,물뫼힐링팜,"수산리,자연경관,체험,마을관광,웰니스,어트랙션"
CNTS_200000000010336,취다선리조트,"웰니스,힐링,명상,요가,차,커플,숙소,리조트,어트랙션,럭셔리트래블인제주"
CNTS_200000000010341,수목원테마파크,"수목원,야시장,공원,실내관광지,체험,도보여행,전통시장,쇼핑,상점/상가,어트랙션"
CNTS_200000000010342,옷귀마테마타운,"의귀리, 승마, 승마장,공용주차장,무료 WIFI,화장실,자연경관,체험,마을관광,웰니스,레저/체험,어트랙션"
CNTS_200000000010435,제주고산리유적,"고산리,신석기시대,유적,토기,자연경관,문화관광,체험,역사유적,어트랙션,반려동물,반려동물동반입장,혼저옵서개,반려동물동반관광지,공용주차장,화장실,무료 WIFI,유도 및 안내시설,무료운영,단독접근가능,단차없음,저상버스 접근 가능,장애인 화장실,승강기,장애인 전용 주차장,쉬움,실내+실외,하,공연/전시,교육, 행사,1~2시간,반려동물동반_관광지,무장애관광"
CNTS_200000000010493,제주잠수함,"액티비티, 부모, 아이, 신흥,공용주차장,현금결제,카드결제,화장실,흡연구역,유도 및 안내시설,실외,체험,레저/체험,어린이,수상레저,어트랙션"
CNTS_200000000010513,피크닉메이트,"피크닉, 용품대여,현금결제,카드결제,화장실,무료 WIFI,영어,장애인 화장실,쉬움,실내+실외,하,등산,캠핑,체험,물놀이,촬영용 소품,3시간 이상,쇼핑,상점/상가,언택트,어트랙션,무장애관광"
CNTS_200000000010713,공방 하루반,"공방, 월정, 공예품,어려움,실내,하,체험,2~3시간,어트랙션"
CNTS_200000000010754,솔담한방병원,"의료관광, 한방, 선도기관,공용주차장,현금결제,카드결제,화장실,무료 WIFI,흡연구역,음료대,유도 및 안내시설,경보 및 피난시설,일본어통역진료가능,단독접근가능,단차없음,시각장애인 접근성,장애인 화장실,승강기,장애인 전용 주차장,쉬움,실내,어트랙션,무장애관광"
CNTS_200000000010796,브이스파 롯데호텔제주점,"겨울, 스파,실내,체험,호텔,어트랙션"
CNTS_200000000010798,휘닉스 제주 섭지코지,"스파,체험,호텔,어트랙션"
CNTS_200000000010815,김택화미술관,"미술관,제주풍경,화방,실내관광지,문화관광,어트랙션,공용주차장,현금결제,카드결제,화장실,하,1시간 미만"
CNTS_200000000010956,스누피가든,"커플,친구,아이,맑음,흐림,휴식/힐링,경관/포토,테마공원,휴식/치유,우수관광사업체,자연경관,실내관광지,체험,포토스팟,어린이,어트랙션,반려동물,반려동물동반입장,혼저옵서개,반려동물동반_관광지,실내+실외"
CNTS_200000000011113,레이저서바이벌M,"친구,체험관광,액티비티,사계절,레저/체험,어트랙션,공용주차장,현금결제,카드결제,화장실,무료 WIFI,흡연구역,음료대,탐나는전, 제로페이 등,영어,승강기,아주 어려움,실내,하,1~2시간,관광지,무장애관광"
CNTS_200000000011254,제주친구,"커플,친구,체험관광,현금결제,카드결제,화장실,실외,중,3시간 이상,어트랙션,관광지"
CNTS_200000000011434,그제바람 윈드서핑패들보드,"체험관광,공용주차장,현금결제,카드결제,화장실,무료 WIFI,흡연구역,영어,어려움,실외,하,2~3시간,waterleisure,수상레저,어트랙션,관광지"
CNTS_200000000011435,제주안전체험관,"아이,테마공원,체험관광,실내관광지,어린이,어트랙션"
CNTS_200000000011553,M1971 요트투어,"체험관광,경관/포토,휴식/힐링,공용주차장,현금결제,카드결제,화장실,무료 WIFI,음료대,영어,일본어,장애인 화장실,장애인 전용 주차장,실내+실외,하,해양스포츠,1~2시간,포토스팟,waterleisure,수상레저,어트랙션,관광지,무장애관광"
CNTS_200000000011778,노을해안1014,"액티비티,체험관광,공용주차장,현금결제,카드결제,화장실,무료 WIFI,흡연구역,음료대,유도 및 안내시설,어려움,실내+실외,중,카페이용과 전기바이크로 지질트레일러 라이딩,1~2시간,레저/체험,어트랙션,관광지"
CNTS_200000000011918,옥돔마을,"부모,커플,혼자,친구,아이,체험관광,마을산책,마을관광,어린이,언택트,어트랙션,관광지"
CNTS_200000000011919,서귀포감귤박물관,"부모,커플,맑음,휴식/힐링,자연경관,체험,실내관광지,문화관광,박물관,도보여행,언택트,어트랙션"
CNTS_200000000011994,우포토시네마카페,"휴식/힐링,어트랙션,카페,관광지"
CNTS_200000000011995,김한미술관 & 카페3206,"휴식/힐링,미술/박물관,실내관광지,문화관광,미술관,어트랙션"
CNTS_200000000011999,알제이,"휴식/힐링,체험관광,레저/체험,수상레저,어트랙션,관광지"
CNTS_200000000012059,노형수퍼마켙,"부모,커플,혼자,친구,아이,휴식/힐링,테마공원,미술/박물관,사계절,전시와 행사,실내관광지,문화관광,어린이,어트랙션,쉬움,안전여행스탬프"
CNTS_200000000012452,제주사랑방,"경관/포토,휴식/힐링,체험관광,사계절,휴식/치유,실내+실외,문화관광,포토스팟,어트랙션,관광지"
CNTS_200000000012454,제주중앙성당,"휴식/힐링,체험관광,문화유적지,사계절,휴식/치유,문화관광,역사유적,어트랙션,관광지"
CNTS_200000000012455,서부두명품횟집거리,"사계절,청년,중/장년,노년,휴식/치유,체험관광,휴식/힐링,어트랙션,관광지"
CNTS_200000000012469,제로포인트트레일,"휴식/힐링,체험관광,액티비티,사계절,레저/체험,어트랙션,관광지"
CNTS_200000000012471,고요산책,"혼자,친구,휴식/힐링,체험관광,사계절,휴식/치유,어트랙션,관광지"
CNTS_200000000012670,세화소품관,"기념품, 소품, 잡화, 선물,공용주차장,음식,관광지"
CNTS_200000000012946,무비랜드왁스뮤지엄,"박물관,밀랍인형,실내관광지,공용주차장,화장실,무료 WIFI,경보 및 피난시설,카드결제,현금결제,하,1시간 미만"
CNTS_200000000013150,훈데르트바서파크,"문화관광,건축문화기행,테마공원,포토스팟,공용주차장,현금결제,카드결제,화장실,무료 WIFI,편의점,단독접근가능,장애인 화장실,승강기,장애인 전용 주차장,쉬움,실내+실외,하,공연/전시,박물관 전시 ,1~2시간,관광지,무장애관광"
CNTS_200000000013247,제주양떼목장,"휴식/힐링,동물원,어린이,어린이동물농장,체험,카페,카드결제,현금결제,관광지"
CNTS_200000000013306,빠우사,"요가,카페,체험,음식,디저트,공용주차장,카드결제,화장실,무료 WIFI,네이버페이, 카카오페이, 제로페이, 삼성페이 등,영어,쉬움,실내+실외,중,명상과 요가를 통한 휴식,1~2시간,웰니스,관광지"
CNTS_200000000013506,해빛,"1,공용주차장,현금결제,카드결제,화장실,무료 WIFI,어려움,실내,하,체험,원데이클래스 및 소품 구입,3시간 이상,기념품,상점/상가,힐링,관광지"
CNTS_200000000013566,제주펫,"애완동물,카페,음식,반려동물,반려동물동반입장,혼저옵서개,반려동물동반식당카페,공용주차장,화장실,무료 WIFI,카드결제,현금결제,탐나는전, 제로페이,단독접근가능,저상버스 접근 가능,장애인 화장실,쉬움,실내+실외,하,애견동반시설,1~2시간,반려동물동반_식당카페,관광지,무장애관광,반려동물동반_관광지"
CNTS_200000000013590,본초족욕,"관광지,안전여행스탬프,체험"
CNTS_200000000013791,빛의 벙커,"관광지,안전여행스탬프,문화관광,미술관,실내관광지,우수관광사업체"
CNTS_200000000014087,스타빌,"관광지,숙소,캠핑,럭셔리트래블인제주"
CNTS_200000000014088,앙데팡당,"관광지,럭셔리트래블인제주"
CNTS_200000000014189,파더스가든,"반려동물,반려동물동반,반려동물전용,예스펫존,반려동물동반입장,혼저옵서개,강아지,반려동물여행,테마공원,반려동물동반관광지,공용주차장,화장실,무료 WIFI,흡연구역,유도 및 안내시설,반려동물동반_관광지"
CNTS_200000000014272,겨울이네,"반려동물,반려동물동반,반려동물전용,예스펫존,반려동물동반입장,혼저옵서개,강아지,반려동물여행,반려견미용실,대형견셀프목욕,호텔,반려동물공간(기타),공용주차장,화장실,무료 WIFI,반려동물공간_기타,애견미용실,애견호텔,애견유치원"
CNTS_200000000014273,곱닥한개,"반려동물,반려동물동반,반려동물전용,예스펫존,반려동물동반입장,혼저옵서개,강아지,반려동물여행,유치원,호텔,미용,반려동물공간(기타),화장실,무료 WIFI,유도 및 안내시설,경보 및 피난시설,반려동물공간_기타,애견미용실,애견호텔,애견유치원"
CNTS_200000000014274,놀자개,"반려동물,반려동물동반,반려동물전용,예스펫존,반려동물동반입장,혼저옵서개,강아지,반려동물여행,반려견놀이터,유치원,호텔,미용,반려동물공간(기타),반려동물공간_기타,애견미용실,애견호텔,애견유치원"
CNTS_200000000014275,댕댕놀이터,"반려동물,반려동물동반,반려동물전용,예스펫존,반려동물동반입장,혼저옵서개,강아지,반려동물여행,미용,유치원,호텔 ,반려동물공간(기타),공용주차장,화장실,무료 WIFI,반려동물공간_기타,애견미용실,애견호텔,애견유치원"
CNTS_200000000014276,놀멍쉬멍고르멍,"반려동물,반려동물동반,반려동물전용,예스펫존,반려동물동반입장,혼저옵서개,강아지,반려동물여행,반려견카페,돌봄서비스 ,반려동물동반식당카페,공용주차장,화장실,무료 WIFI,반려동물동반_식당카페,반려동물동반_관광지"
CNTS_200000000014277,도도펫,"반려동물,반려동물동반,반려동물전용,예스펫존,반려동물동반입장,혼저옵서개,강아지,반려동물여행,미용,호텔,반려동물공간(기타),공용주차장,화장실,무료 WIFI,반려동물공간_기타,애견미용실,애견호텔"
CNTS_200000000014278,도그앤캣,"반려동물,반려동물동반,반려동물전용,예스펫존,반려동물동반입장,혼저옵서개,강아지,반려동물여행,미용,목욕,놀이시설,반려동물공간(기타),공용주차장,화장실,무료 WIFI,반려동물공간_기타,애견유치원,애견미용실"
CNTS_200000000014281,"안녕, 상이 친구들","반려동물,반려동물동반,반려동물전용,예스펫존,반려동물동반입장,혼저옵서개,강아지,반려동물여행,미용,반려동물공간(기타),공용주차장,화장실,무료 WIFI,반려동물공간_기타,애견미용실"
CNTS_200000000014282,앙리젤,"반려동물,반려동물동반,반려동물전용,예스펫존,반려동물동반입장,혼저옵서개,강아지,반려동물여행,반려동물간식,미용,스파,반려견유치원,반려동물공간(기타),반려동물공간_기타,애견유치원,애견미용실"
CNTS_200000000014283,코기절미,"반려동물,반려동물동반,반려동물전용,예스펫존,반려동물동반입장,혼저옵서개,강아지,반려동물여행,멍푸치노,멍아이스,멍화채,반려견유치원,반려견호텔 ,반려동물동반식당카페,반려동물동반_식당카페,애견유치원,애견호텔,반려동물동반_관광지"
CNTS_200000000014284,멍더랜드,"반려동물,반려동물동반,반려동물전용,예스펫존,반려동물동반입장,혼저옵서개,강아지,반려동물여행,반려견유치원,반려동물공간(기타),공용주차장,화장실,무료 WIFI,반려동물공간_기타,애견미용실"
CNTS_200000000014285,러블리독스,"반려동물,반려동물동반,반려동물전용,예스펫존,반려동물동반입장,혼저옵서개,강아지,반려동물여행,카페,호텔,놀이터,반려동물동반식당카페,공용주차장,화장실,무료 WIFI,반려동물동반_식당카페,애견호텔,반려동물동반_관광지"
CNTS_200000000014286,도곤도곤 애견미용실,"반려동물,반려동물동반,반려동물전용,예스펫존,반려동물동반입장,혼저옵서개,강아지,반려동물여행,소형견미용,중형견미용,반려동물공간(기타),공용주차장,화장실,무료 WIFI,반려동물공간_기타,애견미용실"
CNTS_200000000014288,제라펫,"반려동물,반려동물동반,반려동물전용,예스펫존,반려동물동반입장,혼저옵서개,강아지,반려동물여행,미용,반려동물공간(기타),공용주차장,화장실,무료 WIFI,반려동물공간_기타,애견미용실"
CNTS_200000000014289,요기개,"반려동물,반려동물동반,반려동물전용,예스펫존,반려동물동반입장,혼저옵서개,강아지,반려동물여행,반려동물간식,반려견놀이터,반려동물공간(기타),공용주차장,화장실,무료 WIFI,반려동물공간_기타,관광지"
CNTS_200000000014302,쿠키네,"반려동물,반려동물동반,반려동물전용,예스펫존,반려동물동반입장,혼저옵서개,강아지,반려동물여행,미용,유치원,호텔 ,반려동물공간(기타),공용주차장,화장실,무료 WIFI,반려동물공간_기타"
CNTS_200000000014305,댕댕샤워,"반려동물,반려동물동반입장,반려동물공간_기타,애견미용실,공용주차장,화장실,무료 WIFI"
CNTS_200000000014306,그루밍제주,"반려동물,반려동물동반,반려동물전용,예스펫존,반려동물동반입장,혼저옵서개,강아지,반려동물여행,미용,유치원,호텔 ,반려동물공간(기타),공용주차장,화장실,무료 WIFI,반려동물공간_기타,애견미용실,애견호텔,애견유치원"
CNTS_200000000014307,그루밍시즌,"반려동물,반려동물동반,반려동물전용,예스펫존,반려동물동반입장,혼저옵서개,강아지,반려동물여행,반려동물용품,반려묘미용,호텔,놀이터,반려동물공간(기타),공용주차장,화장실,무료 WIFI,반려동물공간_기타,애견미용실,애견호텔"
CNTS_200000000014308,개미남,"반려동물,반려동물동반,반려동물전용예스펫존,반려동물동반입장,혼저옵서개,강아지,반려동물여행,반려견미용실,반려동물공간(기타),공용주차장,화장실,무료 WIFI,반려동물공간_기타,애견미용실"
CNTS_200000000014318,몽스파 본점,"반려동물,반려동물동반,반려동물전용,예스펫존,반려동물동반입장,혼저옵서개,강아지,반려동물여행,포토존,반려동물미용,반려동물간식,셀프스파,반려견카페,반려견호텔,반려동물동반식당카페,공용주차장,화장실,무료 WIFI,반려동물동반_식당카페,반려동물동반_관광지"
CNTS_200000000014319,제주신화월드,"반려동물,반려동물동반,반려동물전용,예스펫존,반려동물동반입장,혼저옵서개,강아지,반려동물여행,강아지간식,반려동물용품,퍼피트레이닝,유치원 ,반려동물동반식당카페,공용주차장,화장실,무료 WIFI,반려동물동반_식당카페,애견미용실,애견호텔,반려동물동반_관광지"
CNTS_200000000014320,더펫츠,"반려동물,반려동물동반,반려동물전용,예스펫존,반려동물동반입장,혼저옵서개,고양이,반려동물여행,분양,카페,반려동물카페,공용주차장,화장실,무료 WIFI,반려동물동반_식당카페,반려동물동반_관광지"
CNTS_200000000014386,송악산둘레길,"관광지,자연경관,도보,도보여행,동물,반려동물,반려동물동반_자연,반려동물동반_산책로,반려동물동반입장,공용주차장,화장실,무료 WIFI,반려동물동반_관광지"
CONT_000000000500002,김녕요트투어,"액티비티,커플,여름,체험,레저/체험,수상레저,어트랙션,공용주차장,현금결제,카드결제,화장실,무료 WIFI,흡연구역,음료대,유도 및 안내시설,경보 및 피난시설,아주 어려움"
CONT_000000000500004,알프스승마장포니,"승마,액티비티,흐림,가을,공용주차장,현금결제,카드결제,화장실,무료 WIFI,음료대,유도 및 안내시설,경보 및 피난시설,단차없음,어려움,체험,레저/체험,어트랙션,무장애관광"
CONT_000000000500005,제주김녕미로공원,"테마공원,아이,맑음,봄,우수관광사업체,공용주차장,현금결제,카드결제,화장실,무료 WIFI,흡연구역,편의점,음료대,장애인 화장실,장애인 전용 주차장,수동 휠체어 대여 가능,어려움,실외,하,포토스팟,기타,산책로,1시간 미만,자연경관,어린이,무장애관광"
CONT_000000000500008,해피맘하우스,"체험관광, 비, 실내 ,현금결제,카드결제,화장실,무료 WIFI,음료대,경보 및 피난시설,단차없음,아주 어려움,실내관광지,어트랙션,무장애관광"
CONT_000000000500010,5.16도로숲터널,"드라이브,맑음,자연경관,숲,단풍,제주명품42,포토스팟,제주7대도로"
CONT_000000000500015,가세오름,"오름,걷기/등산,자연경관,도보여행,아주 어려움"
CONT_000000000500019,감귤박물관,"실내,미술/박물관,아이,비.눈,겨울,실내관광지,문화관광,어트랙션,공용주차장,현금결제,카드결제,화장실,무료 WIFI,편의점,음료대,유도 및 안내시설,경보 및 피난시설,단차없음,저상버스 접근 가능,아주 어려움,실내+실외,하,공연/전시,체험,1~2시간,무장애관광"
CONT_000000000500024,강정천유원지,"계곡,액티비티,맑음,여름,자연경관,체험,레저/체험,수상레저,어트랙션,물놀이,공용주차장,화장실,유도 및 안내시설"
CONT_000000000500026,개오름,"커플,친구,혼자,맑음,오름,자연경관,도보여행,유도 및 안내시설,아주 어려움"
CONT_000000000500027,개오리오름,"커플,친구,맑음,오름,아주 어려움,자연경관,도보여행"
CONT_000000000500033,거린오름,"오름,걷기/등산,아주 어려움,자연경관,도보여행"
CONT_000000000500034,거문오름,"부모,커플,혼자,친구,맑음,오름,세계자연유산,자연경관,도보여행,언택트,유네스코,공용주차장,현금결제,카드결제,화장실,무료 WIFI,편의점,음료대,유도 및 안내시설,아주 어려움,UNESCO 세계자연유산,UNESCO 세계지질공원"
CONT_000000000500035,거믄여해안경승지,"해변,경관/포토,맑음,공용주차장,아주 어려움,자연경관,포토스팟"
CONT_000000000500038,거친오름,"부모,커플,혼자,친구,맑음,오름,공용주차장,현금결제,카드결제,화장실,음료대,유도 및 안내시설,아주 어려움,자연경관,도보여행"
CONT_000000000500039,건강과성박물관,"실내,미술/박물관,커플,비.눈,사계절,실내관광지,문화관광,어트랙션,무장애관광,공용주차장,현금결제,카드결제,화장실,무료 WIFI,편의점,음료대,유도 및 안내시설,경보 및 피난시설,엘리베이터,단독접근가능,단차없음,저상버스 접근 가능,장애인 화장실,승강기,장애인 전용 주차장,수동 휠체어 대여 가능,쉬움,하,공연/전시,1~2시간"
CONT_000000000500040,걸매생태공원,"폭포,계곡,휴식/힐링,맑음,가을,공용주차장,화장실,음료대,유도 및 안내시설,아주 어려움,자연경관,동백,매화,물놀이"
CONT_000000000500045,검멀레동굴,"경관/포토,친구,커플,부모,아이,맑음,동굴,편의점,아주 어려움,자연경관,포토스팟,어린이"
CONT_000000000500046,검멀레해변,"해변,경관/포토,커플,맑음,여름,편의점,아주 어려움,자연경관,포토스팟,k-drama"
CONT_000000000500050,고근산,"일출,오름,걷기/등산,맑음,공용주차장,화장실,아주 어려움,자연경관,단풍"
CONT_000000000500056,곽지해수욕장,"일몰,해수욕장,액티비티,아이,맑음,여름,공용주차장,화장실,편의점,음료대,유도 및 안내시설,아주 어려움,자연경관,체험,레저/체험,해변,물놀이,어린이,수상레저"
CONT_000000000500057,관덕정,"문화유적지,부모,커플,혼자,친구,아이,사계절,4.3,공용주차장,화장실,유도 및 안내시설,아주 어려움,실내관광지,제주4.3,역사유적,어린이,어트랙션"
CONT_000000000500061,교래자연휴양림,"휴양림,걷기/등산,휴식/힐링,부모,아이,흐림,여름,자연경관,단풍,어린이,무장애관광,공용주차장,현금결제,카드결제,화장실,편의점,음료대,유도 및 안내시설,엘리베이터,단독접근가능,단차없음,저상버스 접근 가능,장애인 화장실,승강기,장애인 전용 주차장,수동 휠체어 대여 가능,쉬움"
CONT_000000000500067,국립제주박물관,"실내,미술/박물관,친구,비.눈,겨울,실내관광지,문화관광,어트랙션,공용주차장,화장실,무료 WIFI,흡연구역,음료대,유도 및 안내시설,경보 및 피난시설,엘리베이터,단독접근가능,단차없음,청각장애인 접근성,시각장애인 접근성,저상버스 접근 가능,장애인 화장실,승강기,장애인 전용 주차장,수동 휠체어 대여 가능,쉬움,하,공연/전시,1~2시간,무장애관광"
CONT_000000000500075,그랑블루호,"낚시,액티비티,커플,현금결제,카드결제,화장실,경보 및 피난시설,아주 어려움,체험,레저/체험,수상레저,어트랙션"
CONT_000000000500079,금능해수욕장,"일몰,해수욕장,액티비티,아이,맑음,여름,공용주차장,화장실,편의점,음료대,유도 및 안내시설,아주 어려움,자연경관,체험,레저/체험,해변,물놀이,어린이,수상레저"
CONT_000000000500083,김녕해수욕장,"해수욕장,액티비티,아이,맑음,여름,자연경관,체험,레저/체험,해변,물놀이,어린이,수상레저,반려동물,반려동물동반입장,혼저옵서개,반려동물동반오름,공용주차장,화장실,흡연구역,편의점,음료대,유도 및 안내시설,아주 어려움,반려동물동반_오름,반려동물동반_자연,반려동물동반_관광지"
CONT_000000000500099,넥슨컴퓨터박물관,"우수관광사업체,실내,테마공원,아이,비.눈,겨울,실내관광지,문화관광,박물관,어트랙션,안전여행스탬프,공용주차장,현금결제,카드결제,화장실,무료 WIFI,흡연구역,편의점,음료대,유도 및 안내시설,경보 및 피난시설,임산부 휴게시설,엘리베이터,단독접근가능,단차없음,시각장애인 접근성,장애인 화장실,승강기,장애인 전용 주차장,수동 휠체어 대여 가능,쉬움,하,공연/전시,체험,1~2시간,무장애관광"
CONT_000000000500103,노루생태관찰원,"액티비티,아이,흐림,맑음,공용주차장,현금결제,카드결제,화장실,무료 WIFI,음료대,유도 및 안내시설,단독접근가능,단차없음,장애인 화장실,장애인 전용 주차장,어려움,실내+실외,중,공연/전시,2~3시간,자연경관,체험,레저/체험,어린이,어트랙션,무장애관광"
CONT_000000000500110,높은오름,"부모,커플,혼자,친구,아이,맑음,오름,자연경관,도보여행,어린이,반려동물,반려동물동반입장,반려동물동반_오름,반려동물동반_자연,아주 어려움,반려동물동반_관광지"
CONT_000000000500118,다랑쉬오름,"일출,밤,오름,걷기/등산,친구,가을,힐링,자연경관,도보여행,억새,실외"
CONT_000000000500121,다려도,"경관/포토,휴식/힐링,해변,자연경관,포토스팟"
CONT_000000000500131,당오름,"오름,걷기/등산,맑음,가을,자연경관,도보여행"
CONT_000000000500134,대수산봉,"부모,아이,친구,커플,혼자,맑음,오름,자연경관,도보여행,어린이"
CONT_000000000500138,대정향교,"문화유적지,흐림,겨울,자연경관,문화관광,역사유적,공용주차장,화장실,유도 및 안내시설,아주 어려움"
CONT_000000000500141,더마파크,"승마,실내,액티비티,아이,맑음,사계절,체험,레저/체험,어린이,테마공원,어트랙션,공용주차장,현금결제,카드결제,화장실,무료 WIFI,편의점,경보 및 피난시설,엘리베이터,단독접근가능,단차없음,승강기,수동 휠체어 대여 가능,어려움,실외,하,공연/전시,1~2시간,무장애관광"
CONT_000000000500143,도두봉,"일출,일몰,오름,휴식/힐링,부모,혼자,커플,친구,아이,자연경관,어린이,반려동물,반려동물동반입장,혼저옵서개,반려동물동반오름,화장실,유도 및 안내시설,아주 어려움,반려동물동반_오름,반려동물동반_자연,반려동물동반_관광지"
CONT_000000000500144,도리미오름,"부모,커플,혼자,친구,아이,맑음,오름,자연경관,도보여행,어린이"
CONT_000000000500145,독자봉,"커플,친구,아이,맑음,오름,자연경관,어린이,공용주차장,화장실"
CONT_000000000500153,돔베낭골,"해변,휴식/힐링,맑음,여름,아주 어려움,자연경관"
CONT_000000000500156,동백동산,"걷기/등산,휴식/힐링,맑음,겨울,자연경관,동백,언택트,공용주차장,화장실,음료대,유도 및 안내시설,아주 어려움"
CONT_000000000500159,동알오름,"일몰,오름,걷기/등산,자연경관,도보여행"
CONT_000000000500160,돛오름,"오름,걷기/등산,자연경관,도보여행"
CONT_000000000500161,두맹이골목,"두멩이골목,걷기/등산,경관/포토,흐림,봄,유도 및 안내시설,아주 어려움,자연경관,포토스팟"
CONT_000000000500162,두산봉,"커플,친구,일출,봄,오름,자연경관,도보여행,반려동물,반려동물동반입장,혼저옵서개,반려동물동반오름,반려동물동반_오름,반려동물동반_자연,반려동물동반_관광지"
CONT_000000000500163,둔지봉,"오름,걷기/등산,자연경관"
CONT_000000000500168,따라비오름,"일출,오름,걷기/등산,친구,가을,자연경관,도보여행,억새,반려동물,반려동물동반입장,혼저옵서개,반려동물동반오름,반려동물동반_오름,반려동물동반_자연,반려동물동반_관광지"
CONT_000000000500171,마라도,"섬속의섬,휴식/힐링,부모,아이,맑음,가을,자연경관,어린이,화장실,편의점,아주 어려움"
CONT_000000000500177,마방목지,"경관/포토,문화유적지,아이,맑음,봄,자연경관,역사유적,포토스팟,어린이,공용주차장,단독접근가능,단차없음,어려움,무장애관광"
CONT_000000000500179,마오름,"오름,걷기/등산,자연경관,도보여행"
CONT_000000000500186,매오름,"커플,혼자,친구,맑음,체험관광,오름,휴식/치유,자연경관,도보여행,어트랙션"
CONT_000000000500190,모구리오름,"오름,걷기/등산,공용주차장,화장실,아주 어려움,자연경관,도보여행"
CONT_000000000500193,모슬봉,"부모,커플,혼자,친구,아이,맑음,오름,자연경관,도보여행,어린이"
CONT_000000000500194,모지오름,"혼자,친구,맑음,경관/포토,휴식/힐링,액티비티,오름,사계절,자연경관,체험,도보여행,레저/체험,포토스팟,어트랙션"
CONT_000000000500201,수산봉,"커플,혼자,친구,경관/포토,휴식/힐링,가을,오름,청년,자연경관,포토스팟,화장실"
CONT_000000000500206,미악산,"부모,커플,혼자,친구,아이,맑음,오름,자연경관,도보여행,어린이"
CONT_000000000500207,미천굴,"동굴,경관/포토,커플,아이,맑음,여름,자연경관,포토스팟,어린이,공용주차장,현금결제,카드결제,화장실,무료 WIFI,편의점,음료대,유도 및 안내시설,경보 및 피난시설,단독접근가능,단차없음,저상버스 접근 가능,장애인 화장실,장애인 전용 주차장,수동 휠체어 대여 가능,쉬움,무장애관광"
CONT_000000000500215,바늘오름,"부모,커플,혼자,친구,경관/포토,휴식/힐링,체험관광,액티비티,오름,사계절,청년,중/장년,휴식/치유,자연경관,도보여행,레저/체험,포토스팟"
CONT_000000000500223,밧돌오름,"부모,커플,혼자,친구,아이,맑음,오름,자연경관,도보여행,어린이"
CONT_000000000500225,방림원,"휴식/힐링,우수관광사업체,자연경관,안전여행스탬프,반려동물,반려동물동반입장,혼저옵서개,테마공원,반려동물동반_관광지,공용주차장,현금결제,카드결제,화장실,무료 WIFI,음료대,유도 및 안내시설,경보 및 피난시설,장애인 화장실,장애인 전용 주차장,수동 휠체어 대여 가능,어려움,실내+실외,중,공연/전시,포토스팟,1~2시간,무장애관광"
CONT_000000000500226,방선문,"계곡,휴식/힐링,봄,자연경관,물놀이"
CONT_000000000500237,범섬,"경관/포토,휴식/힐링,휴식/치유,맑음,자연경관,섬속의섬,포토스팟,아주 어려움,UNESCO 생물권보전지역"
CONT_000000000500239,법화사지,"부모,커플,혼자,아이,경관/포토,휴식/힐링,문화유적지,중/장년,휴식/치유,노년,공용주차장,유도 및 안내시설,아주 어려움,역사유적,포토스팟,어린이"
CONT_000000000500242,제주벨리타캠핑장,"야영장,캠핑장,액티비티,흐림,공용주차장,현금결제,카드결제,화장실,무료 WIFI,흡연구역,편의점,아주 어려움,자연경관,체험,레저/체험,언택트,어트랙션"
CONT_000000000500243,별도봉,"오름,걷기/등산,봄,자연경관"
CONT_000000000500244,별방진,"문화유적지,맑음,유도 및 안내시설,아주 어려움,자연경관,문화관광,역사유적,봄꽃,유채꽃"
CONT_000000000500250,본태박물관,"예술,실내,미술/박물관,친구,커플,흐림,겨울,우수관광사업체,실내관광지,문화관광,어트랙션,단독접근가능,단차없음,수동 휠체어 대여 가능,어려움,무장애관광"
CONT_000000000500253,부대악오름,"오름,걷기/등산,자연경관,도보여행"
CONT_000000000500259,북오름,"부모,커플,혼자,친구,아이,오름,자연경관,도보여행,어린이"
CONT_000000000500262,불탑사,"문화유적지,사계절,부모,아이,혼자,친구,커플,공용주차장,화장실,음료대,유도 및 안내시설,아주 어려움,문화관광,역사유적,어트랙션"
CONT_000000000500263,코지하우스,"부모,커플,친구,혼자,맑음,오름,유도 및 안내시설,아주 어려움,자연경관,도보여행,단풍"
CONT_000000000500265,붉은오름자연휴양림,"부모,커플,혼자,친구,맑음,오름,사계절,자연경관,도보여행,단풍"
CONT_000000000500267,비양도,"섬속의섬,일몰,휴식/힐링,아이,맑음,여름,공용주차장,현금결제,카드결제,화장실,편의점,음료대,유도 및 안내시설,아주 어려움,UNESCO 세계지질공원,1~2시간,자연경관,어린이,언택트,유네스코"
CONT_000000000500270,비자림,"걷기/등산,아이,흐림,여름,힐링,자연경관,어린이,수국,공용주차장,현금결제,카드결제,화장실,무료 WIFI,단독접근가능,단차없음,장애인 화장실,장애인 전용 주차장,수동 휠체어 대여 가능,어려움,실외,중,기타,산책로,1시간 미만,무장애관광"
CONT_000000000500271,비치미오름,"부모,커플,혼자,친구,아이,맑음,경관/포토,오름,자연경관,도보여행,포토스팟,어린이"
CONT_000000000500274,사계해변,"일출,해변,휴식/힐링,커플,맑음,봄,자연경관,공용주차장,화장실,편의점,음료대,유도 및 안내시설,아주 어려움"
CONT_000000000500275,사계해안도로,"일출,해변,드라이브,커플,맑음,가을,공용주차장,화장실,편의점,음료대,유도 및 안내시설,아주 어려움,자연경관,제주명품42,포토스팟,제주7대도로"
CONT_000000000500276,사라봉,"일몰,일출,오름,걷기/등산,친구,겨울,자연경관"
CONT_000000000500277,사라봉공원,"커플,친구,일몰,걷기,단차없음,아주 어려움,자연경관,무장애관광"
CONT_000000000500278,사라오름,"오름,걷기/등산,커플,겨울,자연경관,도보여행,한라산,언택트"
CONT_000000000500281,사려니숲길,"숲길,걷기/등산,친구,커플,흐림,봄,자연경관,도보여행,단풍,화장실,어려움"
CONT_000000000500283,산굼부리,"오름,걷기/등산,친구,맑음,가을,우수관광사업체,자연경관,억새,무장애관광,공용주차장,현금결제,카드결제,화장실,편의점,음료대,단독접근가능,단차없음,장애인 화장실,장애인 전용 주차장,수동 휠체어 대여 가능,어려움,실외,상,산책로, 등산로,1~2시간"
CONT_000000000500287,산방굴사,"문화유적지,부모,맑음,공용주차장,현금결제,카드결제,화장실,편의점,음료대,유도 및 안내시설,아주 어려움,UNESCO 세계지질공원,문화관광,역사유적"
CONT_000000000500288,산방산탄산온천,"실내,휴식/힐링,부모,아이,흐림,겨울,자연경관,실내관광지,어린이,어트랙션"
CONT_000000000500290,산지등대,"등대,일몰,경관/포토,친구,맑음,가을,공용주차장,유도 및 안내시설,아주 어려움,포토스팟"
CONT_000000000500292,산천단,"휴식/힐링,문화유적지,사계절,자연경관,역사유적,공용주차장,화장실,편의점,음료대,유도 및 안내시설,아주 어려움"
CONT_000000000500295,삼각봉,"부모,커플,혼자,친구,경관/포토,오름,사계절,자연경관,포토스팟"
CONT_000000000500297,삼매봉,"부모,커플,혼자,친구,맑음,아이,경관/포토,휴식/힐링,오름,사계절,자연경관,포토스팟,어린이,공용주차장,화장실,편의점,음료대"
CONT_000000000500299,삼사석,"부모,커플,혼자,친구,아이,문화유적지,자연경관,역사유적,어트랙션"
CONT_000000000500300,삼성혈,"문화유적지,부모,맑음,우수관광사업체,자연경관,문화관광,역사유적,봄꽃,벚꽃,무장애관광,현금결제,카드결제,화장실,무료 WIFI,편의점,음료대,유도 및 안내시설,경보 및 피난시설,단독접근가능,단차없음,저상버스 접근 가능,장애인 화장실,장애인 전용 주차장,수동 휠체어 대여 가능,쉬움,실외,하,공연/전시,1시간 미만"
CONT_000000000500301,삼양해수욕장,"해수욕장,액티비티,친구,커플,맑음,여름,자연경관,체험,레저/체험,해변,물놀이,반려동물,반려동물동반입장,혼저옵서개,고양이,반려동물동반해변,화장실,편의점,음료대,유도 및 안내시설,단독접근가능,단차없음,장애인 화장실,아주 어려움,반려동물동반_해변,반려동물동반_자연,무장애관광,반려동물동반_관광지"
CONT_000000000500309,새별오름,"일몰,밤,오름,걷기/등산,아이,봄,자연경관,도보여행,어린이,억새,반려동물,반려동물동반입장,혼저옵서개,반려동물동반오름,공용주차장,화장실,유도 및 안내시설,아주 어려움,실외,1시간 미만,반려동물동반_오름,반려동물동반_자연,반려동물동반_관광지"
CONT_000000000500310,새섬,"경관/포토,맑음,공용주차장,화장실,편의점,음료대,유도 및 안내시설,아주 어려움,자연경관,섬속의섬,포토스팟"
CONT_000000000500312,새연교,"밤,경관/포토,커플,맑음,포토스팟,반려동물,반려동물동반입장,혼저옵서개,반려동물동반관광지,공용주차장,화장실,편의점,음료대,유도 및 안내시설,단독접근가능,단차없음,장애인 화장실,장애인 전용 주차장,어려움,반려동물동반_관광지,무장애관광"
CONT_000000000500316,서건도,"경관/포토,휴식/힐링,공용주차장,유도 및 안내시설,아주 어려움,자연경관,포토스팟,언택트"
CONT_000000000500327,서귀포자연휴양림,"사계절,휴양림,걷기/등산,휴식/힐링,캠핑장,야영장,자연경관,언택트,단풍,공용주차장,현금결제,카드결제,화장실,무료 WIFI,편의점,음료대,유도 및 안내시설,경보 및 피난시설,흡연구역,계좌이체, 무통장입금 등,장애인 화장실,장애인 전용 주차장,수동 휠체어 대여 가능,단독접근가능,청각장애인 접근성,시각장애인 접근성,어려움,실외,중,체험,1~2시간,무장애관광"
CONT_000000000500330,서귀포천문과학문화관,"밤,실내,미술/박물관,겨울,공용주차장,현금결제,카드결제,화장실,음료대,유도 및 안내시설,경보 및 피난시설,아주 어려움,공연/전시,1시간 미만,실내관광지,어트랙션"
CONT_000000000500333,서복전시관,"실내,미술/박물관,사계절,어트랙션,공용주차장,현금결제,카드결제,화장실,유도 및 안내시설,경보 및 피난시설,단독접근가능,단차없음,장애인 화장실,장애인 전용 주차장,어려움,하,공연/전시,1시간 미만,무장애관광"
CONT_000000000500335,서우봉,"맑음,봄,걷기/등산,유채꽃,오름,코스모스,자연경관,봄꽃,반려동물,반려동물동반입장,혼저옵서개,반려동물동반오름,반려동물동반_오름,반려동물동반_자연,반려동물동반_관광지"
CONT_000000000500336,제주아트서커스,"실내,테마공원,부모,아이,흐림,실내관광지,어린이,어트랙션,공용주차장,현금결제,카드결제,화장실,무료 WIFI,편의점,음료대,유도 및 안내시설,경보 및 피난시설,단독접근가능,단차없음,장애인 화장실,장애인 전용 주차장,어려움,하,공연/전시,1~2시간,무장애관광"
CONT_000000000500337,숨도,"테마공원,비.눈,흐림,사계절,실내관광지,문화관광,박물관,언택트,어트랙션,공용주차장,현금결제,카드결제,화장실,무료 WIFI,편의점,음료대,유도 및 안내시설,경보 및 피난시설,아주 어려움,우수관광사업체"
CONT_000000000500343,섭지코지,"일출,해변,경관/포토,커플,맑음,가을,자연경관,포토스팟,봄꽃,유채꽃,반려동물,반려동물동반입장,혼저옵서개,반려동물동반관광지,공용주차장,현금결제,카드결제,화장실,편의점,음료대,저상버스 접근 가능,장애인 화장실,장애인 전용 주차장,어려움,실외,등산,기타,산책로,1시간 미만,반려동물동반_관광지,무장애관광"
CONT_000000000500344,섯알오름,"부모,커플,혼자,친구,아이,오름,4.3,자연경관,제주4.3,역사유적,도보여행,어린이"
CONT_000000000500346,성불오름,"부모,커플,혼자,친구,아이,오름,자연경관,도보여행,어린이,아주 어려움"
CONT_000000000500349,성산일출봉,"일출,오름,경관/포토,부모,자연경관,포토스팟,유네스코,공용주차장,현금결제,카드결제,화장실,무료 WIFI,편의점,음료대,유도 및 안내시설,경보 및 피난시설,임산부 휴게시설,장애인 화장실,장애인 전용 주차장,아주 어려움,UNESCO 세계자연유산,UNESCO 세계지질공원,실외,상,등산,산책로. 올레코스. 오름,1시간 미만,무장애관광"
CONT_000000000500351,성읍민속마을,"문화유적지,부모,아이,봄,자연경관,역사유적,마을산책,마을관광,어린이,제주명품42,제주7대건축물,사적지,문화재,문화관광,공용주차장,화장실,무료 WIFI,편의점,경보 및 피난시설,단독접근가능,단차없음,장애인 화장실,장애인 전용 주차장,어려움,실외,하,공연/전시,포토스팟,1~2시간,무장애관광"
CONT_000000000500353,섶섬,"섬,경관/포토,휴식/힐링,유도 및 안내시설,아주 어려움,UNESCO 생물권보전지역,자연경관,섬속의섬,포토스팟"
CONT_000000000500356,세계조가비박물관,"실내,미술/박물관,아이,비.눈,사계절,실내관광지,문화관광,어트랙션,안전여행스탬프,공용주차장,현금결제,카드결제,화장실,무료 WIFI,편의점,음료대,유도 및 안내시설,경보 및 피난시설,아주 어려움,하,공연/전시,1시간 미만"
CONT_000000000500359,세미양오름,"부모,커플,혼자,친구,아이,오름,자연경관,도보여행,어린이"
CONT_000000000500360,세미오름,"오름,걷기/등산,자연경관,도보여행"
CONT_000000000500361,세화해변,"해변,휴식/힐링,커플,맑음,여름,공용주차장,화장실,편의점,음료대,유도 및 안내시설,아주 어려움,자연경관"
CONT_000000000500364,소남머리,"경관/포토,부모,커플,혼자,친구,아이,공용주차장,유도 및 안내시설,아주 어려움,자연경관,포토스팟,어린이"
CONT_000000000500366,족은오름,"혼자,친구,맑음,오름,자연경관,도보여행"
CONT_000000000500369,소수산봉,"오름,부모,커플,혼자,친구,아이,자연경관,어린이"
CONT_000000000500372,소인국테마파크,"테마공원,아이,봄,실내관광지,어린이,어트랙션,반려동물,반려동물동반입장,반려동물동반_관광지,무장애관광,공용주차장,현금결제,카드결제,화장실,편의점,음료대,유도 및 안내시설,경보 및 피난시설,단독접근가능,단차없음,장애인 화장실,장애인 전용 주차장,어려움,실외,하,공연/전시,기타,1~2시간"
CONT_000000000500373,소정방폭포,"부모,커플,친구,아이,맑음,경관/포토,폭포,자연경관,포토스팟,어린이,공용주차장,유도 및 안내시설"
CONT_000000000500374,손지오름,"오름,걷기/등산,자연경관,도보여행"
CONT_000000000500376,송당본향당,"부모,커플,혼자,친구,아이,문화유적지,자연경관,문화관광,역사유적,어린이,공용주차장,유도 및 안내시설,아주 어려움"
CONT_000000000500378,송악산,"일몰,일출,산,해변,걷기/등산,친구,커플,맑음,가을,자연경관,수국,공용주차장,화장실,편의점,음료대,유도 및 안내시설,장애인 전용 주차장,아주 어려움,실외,상,1~2시간,무장애관광"
CONT_000000000500379,송악산 진지동굴,"부모,커플,혼자,친구,아이,문화유적지,동굴,자연경관,문화관광,역사유적,어린이,유도 및 안내시설,아주 어려움"
CONT_000000000500384,쇠소깍,"계곡,휴식/힐링,액티비티,커플,맑음,여름,자연경관,체험,레저/체험,수상레저,어트랙션,물놀이,공용주차장,화장실,편의점,음료대,유도 및 안내시설,아주 어려움,UNESCO 생물권보전지역,실외"
CONT_000000000500387,물오름,"오름,부모,커플,혼자,친구,맑음,경관/포토,휴식/힐링,사계절,자연경관,도보여행,포토스팟"
CONT_000000000500390,쉬리의언덕,"커플,혼자,친구,부모,맑음,해변,휴식/힐링,경관/포토,아주 어려움,포토스팟"
CONT_000000000500396,신비의도로,"아이,맑음,공용주차장,화장실,편의점,음료대,유도 및 안내시설,아주 어려움,실외,기타,도로,1시간 미만,자연경관,어린이,드라이브"
CONT_000000000500400,신양섭지해수욕장,"해수욕장,액티비티,커플,맑음,여름,공용주차장,화장실,편의점,음료대,유도 및 안내시설,아주 어려움,자연경관,체험,레저/체험,해변,물놀이,수상레저"
CONT_000000000500405,쌍용동굴,"동굴,경관/포토,부모,흐림,여름,자연경관,포토스팟,공용주차장,현금결제,카드결제,화장실,무료 WIFI,흡연구역,편의점,음료대,유도 및 안내시설,경보 및 피난시설,장애인 화장실,장애인 전용 주차장,아주 어려움,무장애관광"
CONT_000000000500407,아부오름,"커플,친구,맑음,오름,가을,봄,자연경관,도보여행,반려동물,반려동물동반입장,혼저옵서개,반려동물동반오름,반려동물동반_오름,반려동물동반_자연,반려동물동반_관광지"
CONT_000000000500409,아프리카박물관,"실내,미술/박물관,아이,비.눈,겨울,우수관광사업체,실내관광지,문화관광,어트랙션,안전여행스탬프,공용주차장,현금결제,카드결제,화장실,무료 WIFI,음료대,유도 및 안내시설,경보 및 피난시설,엘리베이터,단독접근가능,단차없음,저상버스 접근 가능,장애인 화장실,승강기,장애인 전용 주차장,수동 휠체어 대여 가능,쉬움,실내+실외,하,공연/전시,1~2시간,무장애관광"
CONT_000000000500410,안덕계곡,"계곡,액티비티,커플,흐림,봄,자연경관,체험,레저/체험,어트랙션,물놀이,공용주차장,화장실,유도 및 안내시설,아주 어려움"
CONT_000000000500413,안돌오름,"부모,커플,혼자,친구,아이,맑음,오름,자연경관,도보여행,어린이"
CONT_000000000500417,알뜨르비행장,"문화유적지,친구,커플,흐림,봄,자연경관,문화관광,역사유적,유도 및 안내시설,아주 어려움"
CONT_000000000500418,알밤오름,"부모,커플,혼자,친구,아이,맑음,오름,자연경관,도보여행,어린이"
CONT_000000000500425,애월해안도로,"일몰,해변,드라이브,커플,맑음,여름,공용주차장,화장실,편의점,음료대,유도 및 안내시설,아주 어려움,실외, 사이클, 산책,자연경관"
CONT_000000000500429,어승생,"산,걷기/등산,친구,흐림,자연경관,한라산,언택트"
CONT_000000000500434,엉또폭포,"폭포,경관/포토,커플,비.눈,여름,공용주차장,화장실,음료대,유도 및 안내시설,아주 어려움,자연경관,포토스팟"
CONT_000000000500435,엉알해안,"해변,경관/포토,커플,맑음,여름,아주 어려움,자연경관,포토스팟"
CONT_000000000500442,여미지식물원,"실내,테마공원,친구,커플,맑음,겨울,실내관광지,어트랙션,우수관광사업체,반려동물,반려동물동반입장,반려동물동반_관광지,무장애관광,공용주차장,현금결제,카드결제,화장실,편의점,음료대,유도 및 안내시설,경보 및 피난시설,임산부 휴게시설,단독접근가능,단차없음,장애인 화장실,장애인 전용 주차장,어려움,중,공연/전시,포토스팟,2~3시간"
CONT_000000000500444,연북정,"문화유적지,커플,아이,유도 및 안내시설,아주 어려움,자연경관,문화관광,역사유적,어트랙션"
CONT_000000000500445,연화못,"휴식/힐링,여름,공용주차장,음료대,유도 및 안내시설,아주 어려움,자연경관"
CONT_000000000500449,영주산,"일출,오름,걷기/등산,자연경관,수국,실외,중,포토스팟"
CONT_000000000500457,오설록티뮤지엄,"테마공원,커플,친구,부모,아이,혼자,맑음,휴식/힐링,녹차,실내관광지,어트랙션,반려동물,반려동물동반입장,혼저옵서개,반려동물동반관광지,공용주차장,현금결제,카드결제,화장실,무료 WIFI,편의점,음료대,유도 및 안내시설,경보 및 피난시설,엘리베이터,단독접근가능,단차없음,시각장애인 접근성,장애인 화장실,승강기,장애인 전용 주차장,수동 휠체어 대여 가능,어려움,실외,중,포토스팟,1시간 미만,반려동물동반_관광지,무장애관광"
CONT_000000000500459,오현단,"문화유적지,흐림,문화관광,역사유적,어트랙션,유도 및 안내시설,아주 어려움"
CONT_000000000500460,왈종미술관,"예술,실내,미술/박물관,비.눈,겨울,실내관광지,미술관,문화관광,어트랙션,공용주차장,현금결제,카드결제,화장실,무료 WIFI,편의점,음료대,유도 및 안내시설,경보 및 피난시설,단독접근가능,단차없음,저상버스 접근 가능,장애인 화장실,장애인 전용 주차장,어려움,무장애관광"
CONT_000000000500465,퍼시픽 리솜 마린스테이지,"액티비티,부모,아이,맑음,여름,체험,레저/체험,어린이,수상레저,어트랙션,공용주차장,현금결제,카드결제,화장실,편의점,음료대,유도 및 안내시설,경보 및 피난시설,실외,중"
CONT_000000000500466,용눈이오름,"일출,밤,오름,걷기/등산,친구,가을,자연경관,도보여행"
CONT_000000000500469,용두암,"일출,해변,경관/포토,맑음,자연경관,포토스팟,반려동물,반려동물동반입장,혼저옵서개,반려동물동반관광지,공용주차장,화장실,음료대,장애인 화장실,어려움,실외,상,기타,전망 관람,1시간 미만,반려동물동반_관광지,무장애관광"
CONT_000000000500471,용머리해안,"해변,휴식/힐링,부모,커플,맑음,봄,자연경관,유네스코,공용주차장,화장실,유도 및 안내시설,장애인 화장실,장애인 전용 주차장,아주 어려움,UNESCO 세계지질공원,무장애관광"
CONT_000000000500476,우도잠수함,"액티비티,부모,아이,체험,레저/체험,어린이,수상레저,어트랙션,현금결제,카드결제,화장실"
CONT_000000000500477,우도,"섬속의섬,경관/포토,아이,맑음,자연경관,포토스팟,어린이,봄꽃,유채꽃,유네스코,공용주차장,화장실,편의점,음료대,장애인 전용 주차장,아주 어려움,UNESCO 세계지질공원,실내+실외,상,체험,기타,등산,물놀이,우도 관광,1~2시간,무장애관광"
CONT_000000000500488,원당봉,"일출,오름,걷기/등산,자연경관"
CONT_000000000500491,월나봉,"친구,커플,맑음,오름,자연경관,도보여행"
CONT_000000000500492,월대천,"아이,휴식/힐링,여름,자연경관,어린이,실외"
CONT_000000000500497,유건에오름,"오름,걷기/등산,자연경관,도보여행"
CONT_000000000500503,이랜드뮤지엄,"실내,테마공원,아이,비.눈,사계절,실내관광지,어트랙션,공용주차장,현금결제,카드결제,화장실,무료 WIFI,음료대,유도 및 안내시설,경보 및 피난시설,단독접근가능,단차없음,저상버스 접근 가능,장애인 화장실,장애인 전용 주차장,쉬움,무장애관광"
CONT_000000000500508,이중섭거주지,"문화유적지,사계절,문화관광,역사유적,공용주차장,화장실,편의점,음료대,유도 및 안내시설,경보 및 피난시설,아주 어려움"
CONT_000000000500509,이중섭미술관,"예술,실내,미술/박물관,커플,비.눈,겨울,문화관광,미술관,실내관광지,어트랙션,공용주차장,현금결제,카드결제,화장실,무료 WIFI,유도 및 안내시설,경보 및 피난시설,단독접근가능,단차없음,장애인 화장실,장애인 전용 주차장,어려움,공연/전시,1시간 미만,무장애관광"
CONT_000000000500514,일출랜드,"테마공원,아이,맑음,우수관광사업체,실내관광지,어트랙션,안전여행스탬프,가족,체험,곶자왈,반려동물,반려동물동반입장,혼저옵서개,반려동물동반관광지,공용주차장,현금결제,카드결제,화장실,무료 WIFI,편의점,유도 및 안내시설,단독접근가능,단차없음,저상버스 접근 가능,장애인 화장실,장애인 전용 주차장,수동 휠체어 대여 가능,쉬움,실외,중,포토스팟,공연/전시,1~2시간,반려동물동반_관광지,무장애관광"
CONT_000000000500515,입산봉,"혼자,친구,맑음,오름,자연경관,도보여행"
CONT_000000000500524,절물자연휴양림,"오름,걷기/등산,친구,커플,봄,아주 어려움,자연경관,도보여행"
CONT_000000000500526,절부암,"해변,걷기/등산,맑음,공용주차장,단차없음,장애인 전용 주차장,어려움,자연경관,무장애관광"
CONT_000000000500530,정물오름,"친구,커플,맑음,일몰,오름,공용주차장,아주 어려움,자연경관,도보여행,언택트,억새"
CONT_000000000500531,정방폭포,"폭포,경관/포토,커플,여름,자연경관,포토스팟,공용주차장,현금결제,카드결제,화장실,편의점,음료대,유도 및 안내시설,경보 및 피난시설,아주 어려움,실외,상,기타,전망 관람,1시간 미만"
CONT_000000000500535,제주4.3평화공원,"테마공원,부모,커플,혼자,친구,아이,맑음,흐림,미술/박물관,실내,공용주차장,화장실,무료 WIFI,음료대,유도 및 안내시설,경보 및 피난시설,임산부 휴게시설,엘리베이터,단독접근가능,단차없음,시각장애인 접근성,장애인 화장실,승강기,장애인 전용 주차장,수동 휠체어 대여 가능,쉬움,실내+실외,실내관광지,어트랙션,봄꽃,벚꽃,무장애관광"
CONT_000000000500537,제주교육박물관,"실내,미술/박물관,비.눈,사계절,실내관광지,문화관광,어트랙션,공용주차장,화장실,무료 WIFI,흡연구역,음료대,유도 및 안내시설,경보 및 피난시설,엘리베이터,단독접근가능,단차없음,청각장애인 접근성,시각장애인 접근성,저상버스 접근 가능,장애인 화장실,승강기,장애인 전용 주차장,수동 휠체어 대여 가능,쉬움,하,공연/전시,1~2시간,무장애관광"
CONT_000000000500539,ICC제주국제컨벤션센터,"실내,친구,비.눈,사계절,실내관광지,어트랙션,공용주차장,현금결제,카드결제,화장실,무료 WIFI,편의점,음료대,유도 및 안내시설,경보 및 피난시설,임산부 휴게시설,엘리베이터,단독접근가능,단차없음,저상버스 접근 가능,장애인 화장실,승강기,장애인 전용 주차장,어려움,무장애관광"
CONT_000000000500540,제주국제평화센터,"실내,미술/박물관,비.눈,사계절,실내관광지,어트랙션,무장애관광,공용주차장,현금결제,카드결제,화장실,무료 WIFI,음료대,유도 및 안내시설,경보 및 피난시설,임산부 휴게시설,엘리베이터,단독접근가능,단차없음,청각장애인 접근성,시각장애인 접근성,저상버스 접근 가능,장애인 화장실,승강기,장애인 전용 주차장,수동 휠체어 대여 가능,테이블 비치,쉬움,하,공연/전시,1시간 미만"
CONT_000000000500541,제주난타,"공연,실내,여자,남자,부모,친구,커플,전시/행사,비/바람/눈,실내관광지,어트랙션,무장애관광,공용주차장,현금결제,카드결제,화장실,무료 WIFI,음료대,유도 및 안내시설,경보 및 피난시설,단독접근가능,장애인 화장실,장애인 전용 주차장,장애인 전용 객실,쉬움"
CONT_000000000500546,제주돌마을공원,"부모,커플,혼자,테마공원,실내관광지,마을산책,마을관광,어트랙션,공용주차장,현금결제,카드결제,화장실,무료 WIFI,음료대,유도 및 안내시설,장애인 전용 주차장,수동 휠체어 대여 가능,아주 어려움,무장애관광"
CONT_000000000500547,제주돌문화공원,"테마공원,커플,흐림,겨울,실내관광지,어트랙션,공용주차장,현금결제,카드결제,화장실,편의점,음료대,임산부 휴게시설,단차없음,시각장애인 접근성,장애인 화장실,장애인 전용 주차장,수동 휠체어 대여 가능,아주 어려움,실내+실외,중,기타,포토스팟,공연/전시,2~3시간,무장애관광"
CONT_000000000500550,제주러브랜드,"커플,테마공원,가을,밤,실내관광지,어트랙션,공용주차장,현금결제,카드결제,화장실,무료 WIFI,흡연구역,편의점,음료대,유도 및 안내시설,경보 및 피난시설,임산부 휴게시설,단독접근가능,단차없음,장애인 화장실,장애인 전용 주차장,수동 휠체어 대여 가능,쉬움,실내+실외,중,공연/전시,1~2시간,무장애관광"
CONT_000000000500552,제주센트럴파크,"테마공원,아이,봄,공용주차장,현금결제,카드결제,화장실,편의점,경보 및 피난시설,단독접근가능,단차없음,장애인 화장실,장애인 전용 주차장,수동 휠체어 대여 가능,쉬움,실외,하,공연/전시,1~2시간,어린이,무장애관광"
CONT_000000000500553,제주민속촌,"문화유적지,아이,흐림,가을,우수관광사업체,역사유적,안전여행스탬프,공용주차장,현금결제,카드결제,화장실,편의점,음료대,경보 및 피난시설,임산부 휴게시설,단독접근가능,단차없음,시각장애인 접근성,장애인 화장실,장애인 전용 주차장,수동 휠체어 대여 가능,쉬움,실외,하,포토스팟,1~2시간,커플,친구,부모,경관/포토,테마공원,미술/박물관,무장애관광"
CONT_000000000500554,제주바다체험장,"아이,사계절,체험관광,어린이,수상레저,어트랙션,공용주차장,현금결제,카드결제,화장실,편의점,음료대,유도 및 안내시설,경보 및 피난시설"
CONT_000000000500556,제주빅볼랜드,"액티비티,아이,맑음,가을,체험,레저/체험,어린이,어트랙션,공용주차장,현금결제,카드결제,화장실,무료 WIFI,음료대,유도 및 안내시설,경보 및 피난시설,어려움"
CONT_000000000500558,제주성지,"문화유적지,맑음,문화관광,역사유적,공용주차장,유도 및 안내시설,단차없음,어려움,무장애관광"
CONT_000000000500559,제주세계자연유산센터,"흐림,가을,실내관광지,어트랙션,유네스코,공용주차장,현금결제,카드결제,화장실,무료 WIFI,편의점,음료대,유도 및 안내시설,경보 및 피난시설,임산부 휴게시설,엘리베이터,단차없음,승강기,하,공연/전시,1시간 미만,무장애관광"
CONT_000000000500560,제주승마공원,"승마,액티비티,친구,커플,공용주차장,현금결제,카드결제,화장실,무료 WIFI,음료대,유도 및 안내시설,경보 및 피난시설,단차없음,어려움,체험,레저/체험,어트랙션,무장애관광"
CONT_000000000500564,제주실탄사격장,"실내,액티비티,친구,커플,비.눈,겨울,실내관광지,체험,레저/체험,어트랙션,공용주차장,현금결제,카드결제,화장실,무료 WIFI,음료대,유도 및 안내시설,경보 및 피난시설,엘리베이터,단차없음,승강기,장애인 전용 주차장,어려움,무장애관광"
CONT_000000000500565,아쿠아플라넷 제주,"실내,테마공원,아이,비.눈,사계절,우수관광사업체,실내관광지,어린이,어트랙션,어린이동물농장,안전여행스탬프,무장애관광,공용주차장,현금결제,카드결제,화장실,무료 WIFI,편의점,음료대,유도 및 안내시설,경보 및 피난시설,엘리베이터,단독접근가능,단차없음,시각장애인 접근성,장애인 화장실,승강기,장애인 전용 주차장,수동 휠체어 대여 가능,쉬움,하,공연/전시,2~3시간"
CONT_000000000500567,제주유리박물관,"밤,실내,미술/박물관,친구,아이,흐림,가을,실내관광지,문화관광,어트랙션,공용주차장,현금결제,카드결제,화장실,음료대,유도 및 안내시설,경보 및 피난시설,단독접근가능,단차없음,시각장애인 접근성,장애인 화장실,장애인 전용 주차장,어려움,중,공연/전시,포토스팟,1~2시간,무장애관광"
CONT_000000000500572,제주쥬티클럽,"커플,친구,액티비티,해변,체험,레저/체험,수상레저,어트랙션"
CONT_000000000500578,제주항공우주박물관,"실내,미술/박물관,아이,비.눈,겨울,우수관광사업체,실내관광지,문화관광,어트랙션,실내+실외,공연/전시,1~2시간"
CONT_000000000500579,제주항일기념관,"실내,미술/박물관,흐림,겨울,실내관광지,어트랙션,공용주차장,화장실,무료 WIFI,음료대,유도 및 안내시설,경보 및 피난시설,엘리베이터,단독접근가능,단차없음,시각장애인 접근성,장애인 화장실,승강기,장애인 전용 주차장,어려움,실내+실외,중,공연/전시,1시간 미만,무장애관광"
CONT_000000000500580,해녀박물관,"실내,문화유적지,미술/박물관,아이,비.눈,겨울,실내관광지,문화관광,역사유적,어린이,어트랙션,공용주차장,현금결제,카드결제,화장실,무료 WIFI,음료대,유도 및 안내시설,경보 및 피난시설,임산부 휴게시설,엘리베이터,단독접근가능,단차없음,시각장애인 접근성,장애인 화장실,승강기,장애인 전용 주차장,수동 휠체어 대여 가능,쉬움,UNESCOR 인류무형문화유산,하,공연/전시,1~2시간,무장애관광"
CONT_000000000500581,제주향교,"문화유적지,부모,맑음,공용주차장,화장실,음료대,유도 및 안내시설,경보 및 피난시설,단차없음,장애인 전용 주차장,어려움,실내관광지,역사유적,어트랙션,무장애관광"
CONT_000000000500582,제주허브동산,"테마공원,친구,커플,맑음,우정스냅,동백,수국,반려동물,반려동물동반입장,반려동물동반_관광지,무장애관광,공용주차장,현금결제,카드결제,화장실,무료 WIFI,편의점,음료대,유도 및 안내시설,경보 및 피난시설,단차없음,장애인 화장실,장애인 전용 주차장,수동 휠체어 대여 가능,어려움,실내+실외,중,포토스팟,1~2시간,밤,여름,실내관광지,어트랙션,야간관광"
CONT_000000000500583,제주현대미술관,"예술,실내,미술/박물관,커플,흐림,겨울,공용주차장,현금결제,카드결제,화장실,무료 WIFI,음료대,유도 및 안내시설,경보 및 피난시설,단차없음,장애인 화장실,장애인 전용 주차장,수동 휠체어 대여 가능,장애인 전용 매표소,쉬움,하,공연/전시,1시간 미만,실내관광지,미술관,문화관광,어트랙션,포토스팟,제주명품42,제주7대건축물,무장애관광"
CONT_000000000500586,제지기오름,"일출,오름,걷기/등산,가을,자연경관,도보여행"
CONT_000000000500588,조랑말체험공원,"승마,액티비티,아이,가을,실내관광지,체험,레저/체험,어린이,어트랙션,어려움"
CONT_000000000500589,제주 토이 승마장,"승마,액티비티,커플,가을,체험,레저/체험,어트랙션,공용주차장,아주 어려움"
CONT_000000000500596,족은바리메,"커플,친구,맑음,오름,자연경관,화장실"
CONT_000000000500599,존자암지,"문화유적지,맑음,자연경관,문화관광,역사유적,단풍,공용주차장,음료대,유도 및 안내시설,경보 및 피난시설"
CONT_000000000500600,좌보미오름,"커플,친구,혼자,맑음,오름,자연경관,도보여행"
CONT_000000000500604,중문색달해수욕장,"해수욕장,액티비티,친구,맑음,여름,자연경관,체험,레저/체험,해변,물놀이,수상레저,반려동물,반려동물동반입장,혼저옵서개,반려동물동반해변,공용주차장,화장실,편의점,음료대,유도 및 안내시설,경보 및 피난시설,아주 어려움,반려동물동반_해변,반려동물동반_자연,반려동물동반_관광지"
CONT_000000000500609,큰지그리오름,"오름,걷기/등산,자연경관,도보여행"
CONT_000000000500610,지미봉,"커플,친구,맑음,오름,자연경관"
CONT_000000000500612,차귀도,"커플,맑음,문화유적지,일몰,차귀도,수월봉,공용주차장,화장실,편의점,음료대,유도 및 안내시설,경보 및 피난시설,아주 어려움,자연경관,역사유적,언택트,단풍"
CONT_000000000500616,천아오름,"오름,걷기/등산,친구,아이,흐림,자연경관,도보여행,어린이"
CONT_000000000500618,천지연폭포,"폭포, 밤, 경관/포토, 부모, 맑음, 여름,공용주차장,현금결제,카드결제,화장실,음료대,유도 및 안내시설,경보 및 피난시설,단독접근가능,단차없음,시각장애인 접근성,장애인 화장실,장애인 전용 주차장,수동 휠체어 대여 가능,어려움,UNESCO 세계지질공원,실외,중,1시간 미만,자연경관,포토스팟,유네스코,무장애관광"
CONT_000000000500624,초콜릿랜드,"실내,테마공원,아이,비.눈,겨울,사계절,실내관광지,어린이,어트랙션,공용주차장,현금결제,카드결제,화장실,음료대,유도 및 안내시설,경보 및 피난시설"
CONT_000000000500625,초콜릿박물관,"실내,미술/박물관,아이,비.눈,겨울,실내관광지,문화관광,어트랙션,공용주차장,현금결제,카드결제,화장실,무료 WIFI,편의점,음료대,유도 및 안내시설,경보 및 피난시설,임산부 휴게시설,장애인 화장실,장애인 전용 주차장,수동 휠체어 대여 가능,공연/전시,1시간 미만,무장애관광"
CONT_000000000500627,최영장군사당,"문화유적지,흐림,가을,자연경관,문화관광,역사유적,어트랙션"
CONT_000000000500646,큰사슴이오름,"일출,오름,걷기/등산,봄,자연경관,도보여행,반려동물,반려동물동반입장,혼저옵서개,반려동물동반오름,반려동물동반_오름,반려동물동반_자연,반려동물동반_관광지"
CONT_000000000500649,탑동,"밤,일몰,해변,휴식/힐링,흐림,여름"
CONT_000000000500652,토끼섬,"도보,휴식,부모,친구,커플,혼자,안개/흐림,맑음,봄,여름,가을,겨울,중/장년,청년,노년,자연경관,섬속의섬"
CONT_000000000500654,토이파크,"실내,테마공원,아이,비.눈,사계절,실내관광지,어린이,어트랙션,안전여행스탬프,무장애관광,공용주차장,현금결제,카드결제,화장실,흡연구역,편의점,음료대,유도 및 안내시설,경보 및 피난시설,장애인 전용 주차장,중,공연/전시,1~2시간"
CONT_000000000500655,통오름,"오름,청년,중/장년,휴식/치유,경관/포토,액티비티,친구,혼자,커플,자연경관,체험,도보여행,레저/체험,포토스팟,어트랙션"
CONT_000000000500659,바굼지오름,"오름,걷기/등산,공용주차장,자연경관,도보여행"
CONT_000000000500668,표선세화해안도로,"해변,드라이브,친구,여름,공용주차장,화장실,편의점,아주 어려움"
CONT_000000000500672,핀크스 골프클럽,"골프,액티비티,공용주차장,현금결제,카드결제,화장실,무료 WIFI,흡연구역,편의점,음료대,유도 및 안내시설,경보 및 피난시설,아주 어려움,체험,레저/체험,어트랙션,럭셔리트래블인제주"
CONT_000000000500673,하고수동해변,"해변,휴식/힐링,친구,커플,맑음,여름,공용주차장,아주 어려움,자연경관"
CONT_000000000500677,하도해변,"해수욕장,액티비티,커플,맑음,여름,공용주차장,화장실,음료대,유도 및 안내시설,경보 및 피난시설,아주 어려움,자연경관,체험,레저/체험,해변,물놀이,수상레저"
CONT_000000000500678,하멜기념비,"문화유적지,가을,문화관광,역사유적,공용주차장,음료대,유도 및 안내시설,경보 및 피난시설"
CONT_000000000500682,한담해변,"해변,경관/포토,커플,맑음,여름,공용주차장,화장실,음료대,유도 및 안내시설,경보 및 피난시설,아주 어려움,자연경관,포토스팟,봄꽃,유채꽃"
CONT_000000000500685,한라산국립공원,"산,걷기/등산,경관/포토,친구,사계절,자연경관,포토스팟,한라산,언택트,단풍,유네스코,공용주차장,화장실,편의점,음료대,저상버스 접근 가능,장애인 화장실,장애인 전용 주차장,아주 어려움,UNESCO 생물권보전지역,UNESCO 세계자연유산,UNESCO 세계지질공원,무장애관광"
CONT_000000000500688,한라생태숲,"부모,커플,혼자,친구,아이,맑음,휴식/힐링,자연경관,숲,어린이,무장애관광,공용주차장,화장실,무료 WIFI,음료대,유도 및 안내시설,경보 및 피난시설,단독접근가능,단차없음,시각장애인 접근성,저상버스 접근 가능,장애인 화장실,장애인 전용 주차장,수동 휠체어 대여 가능,쉬움,실외,중,기타,산책로, 휴양림,1~2시간"
CONT_000000000500689,한라수목원,"수목원,휴식/힐링,테마공원,부모,아이,맑음,여름,공용주차장,화장실,무료 WIFI,음료대,유도 및 안내시설,경보 및 피난시설,엘리베이터,단독접근가능,단차없음,저상버스 접근 가능,장애인 화장실,승강기,장애인 전용 주차장,수동 휠체어 대여 가능,쉬움,실외,중,등산,산책로,2~3시간,자연경관,어린이,동백,무장애관광"
CONT_000000000500690,한림공원,"휴식/힐링,테마공원,아이,맑음,봄,우수관광사업체,동굴,어린이,매화,수국,안전여행스탬프,무장애관광,반려동물동반입장,반려동물동반_관광지,공용주차장,현금결제,카드결제,화장실,무료 WIFI,흡연구역,편의점,음료대,유도 및 안내시설,단독접근가능,단차없음,장애인 화장실,장애인 전용 주차장,어려움,실내+실외,하,포토스팟,기타,1~2시간,여름,경관/포토,부모,친구,자연경관,경보 및 피난시설"
CONT_000000000500693,함덕해수욕장,"해수욕장,액티비티,아이,맑음,여름,자연경관,체험,레저/체험,해변,물놀이,어린이,수상레저,반려동물,반려동물동반입장,혼저옵서개,반려동물동반해변,공용주차장,화장실,편의점,음료대,유도 및 안내시설,경보 및 피난시설,단차없음,장애인 화장실,장애인 전용 주차장,어려움,실외,1~2시간,부모,커플,혼자,친구,문화유적지,오름,반려동물동반_해변,반려동물동반_자연,무장애관광,반려동물동반_관광지,역사유적,봄꽃,유채꽃"
CONT_000000000500694,항파두리항몽유적지,"문화유적지,친구,커플,봄,가을,문화관광,역사유적,봄꽃,유채꽃,수국,해바라기,공용주차장,화장실,무료 WIFI,음료대,유도 및 안내시설,경보 및 피난시설,단독접근가능,단차없음,시각장애인 접근성,장애인 화장실,장애인 전용 주차장,쉬움,실외,하,공연/전시,1시간 미만,무장애관광"
CONT_000000000500695,헬로키티아일랜드,"실내,테마공원,아이,비.눈,겨울,우수관광사업체,공용주차장,현금결제,카드결제,화장실,흡연구역,편의점,음료대,유도 및 안내시설,경보 및 피난시설,임산부 휴게시설,엘리베이터,장애인 전용 리프트,장애인 화장실,승강기,장애인 전용 주차장,쉬움,실내관광지,어린이,어트랙션,무장애관광"
CONT_000000000500697,협재해수욕장,"일몰,해수욕장,액티비티,아이,맑음,여름,자연경관,체험,레저/체험,해변,물놀이,어린이,수상레저,반려동물,반려동물동반입장,혼저옵서개,반려동물동반해변,공용주차장,화장실,편의점,음료대,유도 및 안내시설,경보 및 피난시설,아주 어려움,실외,1~2시간,반려동물동반_해변,반려동물동반_자연,반려동물동반_관광지"
CONT_000000000500698,형제섬,"커플,친구,혼자,경관/포토,일몰,일출,공용주차장,화장실,편의점,음료대,유도 및 안내시설,경보 및 피난시설,단차없음,어려움,자연경관,섬속의섬,포토스팟,무장애관광"
CONT_000000000500699,혼인지,"문화유적지,맑음,문화관광,역사유적,수국,화장실,음료대,유도 및 안내시설,경보 및 피난시설,단독접근가능,단차없음,쉬움,실외,상,체험,포토스팟,1시간 미만,무장애관광"
CONT_000000000500701,화순금모래해수욕장,"해수욕장,액티비티,커플,아이,맑음,여름,자연경관,체험,레저/체험,해변,물놀이,어린이,수상레저,반려동물,반려동물동반입장,혼저옵서개,반려동물동반해변,공용주차장,화장실,음료대,유도 및 안내시설,경보 및 피난시설,아주 어려움,반려동물동반_해변,반려동물동반_자연,반려동물동반_관광지"
